/*
Navicat MySQL Data Transfer

Source Server         : ms
Source Server Version : 50713
Source Host           : ms:3306
Source Database       : big_client

Target Server Type    : MYSQL
Target Server Version : 50713
File Encoding         : 65001

Date: 2016-11-23 20:10:43
*/

SET FOREIGN_KEY_CHECKS=0;

-- ----------------------------
-- Table structure for cl_allot_user
-- ----------------------------
DROP TABLE IF EXISTS `cl_allot_user`;
CREATE TABLE `cl_allot_user` (
  `id` bigint(20) NOT NULL AUTO_INCREMENT COMMENT '自动编号',
  `phone_number` bigint(20) NOT NULL COMMENT '手机号码',
  `user_name` varchar(20) DEFAULT NULL COMMENT '客户姓名',
  `register_date` varchar(20) DEFAULT NULL COMMENT '注册日期',
  `id_card` varchar(20) DEFAULT NULL COMMENT '证件号码',
  `if_employee` varchar(20) DEFAULT NULL COMMENT '是否员工',
  `assets_amount` varchar(100) DEFAULT NULL COMMENT '资产总额',
  `sex` varchar(20) DEFAULT NULL COMMENT '性别',
  `age` varchar(20) DEFAULT NULL COMMENT '年龄',
  `birthday` varchar(20) DEFAULT NULL COMMENT '出生日期',
  `referrer` varchar(20) DEFAULT NULL COMMENT '扫码推荐人',
  `referrer_phone_number` varchar(20) DEFAULT NULL COMMENT '推荐人手机号',
  `if_referrer_employee` varchar(20) DEFAULT NULL COMMENT '推荐人是否员工',
  `investment_adviser` varchar(20) DEFAULT NULL COMMENT '投资顾问',
  `user_identify` varchar(20) DEFAULT NULL COMMENT '客户标识',
  `if_delete` int(4) DEFAULT '0' COMMENT '是否删除;0:未删除，1:删除',
  `mtime` timestamp NULL DEFAULT NULL ON UPDATE CURRENT_TIMESTAMP COMMENT '更新时间',
  `ctime` timestamp NULL DEFAULT CURRENT_TIMESTAMP COMMENT '创建时间',
  PRIMARY KEY (`id`)
) ENGINE=InnoDB AUTO_INCREMENT=111 DEFAULT CHARSET=utf8 ROW_FORMAT=DYNAMIC COMMENT='平台待分配客户';

-- ----------------------------
-- Records of cl_allot_user
-- ----------------------------
INSERT INTO `cl_allot_user` VALUES ('1', '31819166446', '张三1', '2016-11-10', '967419634343208972', '是', '775771', '男', '57', '2016-11-01', '刘备1', '21726200271', '是', '何朵', 'DHK0001', '0', '2016-11-10 15:54:16', '2016-11-10 15:54:16');
INSERT INTO `cl_allot_user` VALUES ('2', '61108792015', '李四2', '2016-11-10', '287727416125465398', '是', '386599', '男', '45', '2016-11-01', '关羽2', '63347023581', '否', '张辉胜', 'DHK0001', '0', '2016-11-10 15:54:16', '2016-11-10 15:54:16');
INSERT INTO `cl_allot_user` VALUES ('3', '48667666350', '王五3', '2016-11-10', '177863698710852674', '否', '924006', '女', '75', '2016-11-01', '张飞3', '93837256258', '否', '毛慧芳', 'DHK0001', '0', '2016-11-10 15:54:16', '2016-11-10 15:54:16');
INSERT INTO `cl_allot_user` VALUES ('4', '37838250831', '李四4', '2016-11-10', '881794722968711723', '是', '338967', '男', '43', '2016-11-01', '关羽4', '80950789240', '否', '张辉胜', 'DHK0001', '1', '2016-11-10 15:54:16', '2016-11-10 15:54:16');
INSERT INTO `cl_allot_user` VALUES ('5', '87920659323', '张三5', '2016-11-10', '850949367867900684', '是', '942969', '男', '41', '2016-11-01', '刘备5', '25851158680', '是', '何朵', 'DHK0001', '0', '2016-11-10 15:54:16', '2016-11-10 15:54:16');
INSERT INTO `cl_allot_user` VALUES ('6', '25241319971', '李四6', '2016-11-10', '723346742393081031', '是', '336300', '男', '77', '2016-11-01', '关羽6', '36397517351', '否', '张辉胜', 'DHK0001', '0', '2016-11-10 15:54:16', '2016-11-10 15:54:16');
INSERT INTO `cl_allot_user` VALUES ('7', '14857574571', '张三7', '2016-11-10', '700120918032779174', '是', '469144', '男', '83', '2016-11-01', '刘备7', '41226688511', '是', '何朵', 'DHK0001', '0', '2016-11-10 15:54:16', '2016-11-10 15:54:16');
INSERT INTO `cl_allot_user` VALUES ('8', '60892279316', '李四8', '2016-11-10', '546881473495115469', '是', '988919', '男', '41', '2016-11-01', '关羽8', '65502000013', '否', '张辉胜', 'DHK0001', '0', '2016-11-10 15:54:16', '2016-11-10 15:54:16');
INSERT INTO `cl_allot_user` VALUES ('9', '56436644821', '王五9', '2016-11-10', '581666075124807401', '否', '949336', '女', '87', '2016-11-01', '张飞9', '60427699035', '否', '毛慧芳', 'DHK0001', '0', '2016-11-10 15:54:16', '2016-11-10 15:54:16');
INSERT INTO `cl_allot_user` VALUES ('10', '82743083007', '李四10', '2016-11-10', '308958395502823057', '是', '798580', '男', '56', '2016-11-01', '关羽10', '74391479863', '否', '张辉胜', 'DHK0001', '1', '2016-11-10 15:54:16', '2016-11-10 15:54:16');
INSERT INTO `cl_allot_user` VALUES ('11', '40212101862', '张三11', '2016-11-10', '124412723790944917', '是', '717171', '男', '65', '2016-11-01', '刘备11', '32219862099', '是', '何朵', 'DHK0001', '0', '2016-11-10 15:54:16', '2016-11-10 15:54:16');
INSERT INTO `cl_allot_user` VALUES ('12', '60421908124', '李四12', '2016-11-10', '136555786369971702', '是', '483888', '男', '94', '2016-11-01', '关羽12', '92055415125', '否', '张辉胜', 'DHK0001', '0', '2016-11-10 15:54:16', '2016-11-10 15:54:16');
INSERT INTO `cl_allot_user` VALUES ('13', '65351846621', '张三13', '2016-11-10', '881419155814215641', '是', '554464', '男', '97', '2016-11-01', '刘备13', '29873777974', '是', '何朵', 'DHK0001', '0', '2016-11-10 15:54:16', '2016-11-10 15:54:16');
INSERT INTO `cl_allot_user` VALUES ('14', '77484355147', '李四14', '2016-11-10', '104966013017376054', '是', '985885', '男', '29', '2016-11-01', '关羽14', '11505945565', '否', '张辉胜', 'DHK0001', '0', '2016-11-10 15:54:16', '2016-11-10 15:54:16');
INSERT INTO `cl_allot_user` VALUES ('15', '92078806369', '王五15', '2016-11-10', '431090261604008989', '否', '494352', '女', '69', '2016-11-01', '张飞15', '72901461150', '否', '毛慧芳', 'DHK0001', '0', '2016-11-10 15:54:16', '2016-11-10 15:54:16');
INSERT INTO `cl_allot_user` VALUES ('16', '76414060666', '李四16', '2016-11-10', '973233063876564842', '是', '654123', '男', '49', '2016-11-01', '关羽16', '24771251973', '否', '张辉胜', 'DHK0001', '0', '2016-11-10 15:54:16', '2016-11-10 15:54:16');
INSERT INTO `cl_allot_user` VALUES ('17', '41578281487', '张三17', '2016-11-10', '187217124163972007', '是', '564411', '男', '17', '2016-11-01', '刘备17', '86760104174', '是', '何朵', 'DHK0001', '0', '2016-11-10 15:54:16', '2016-11-10 15:54:16');
INSERT INTO `cl_allot_user` VALUES ('18', '56452235037', '李四18', '2016-11-10', '388040624269195462', '是', '743994', '男', '12', '2016-11-01', '关羽18', '29907140923', '否', '张辉胜', 'DHK0001', '0', '2016-11-10 15:54:16', '2016-11-10 15:54:16');
INSERT INTO `cl_allot_user` VALUES ('19', '66425943980', '张三19', '2016-11-10', '803129864436996441', '是', '217431', '男', '12', '2016-11-01', '刘备19', '46758390288', '是', '何朵', 'DHK0001', '0', '2016-11-10 15:54:16', '2016-11-10 15:54:16');
INSERT INTO `cl_allot_user` VALUES ('20', '66786075914', '李四20', '2016-11-10', '784929171463201863', '是', '414899', '男', '11', '2016-11-01', '关羽20', '56498353426', '否', '张辉胜', 'DHK0001', '1', '2016-11-10 15:54:16', '2016-11-10 15:54:16');
INSERT INTO `cl_allot_user` VALUES ('21', '89253791751', '王五21', '2016-11-10', '914466168995894313', '否', '288747', '女', '49', '2016-11-01', '张飞21', '30778951605', '否', '毛慧芳', 'DHK0001', '0', '2016-11-10 15:54:16', '2016-11-10 15:54:16');
INSERT INTO `cl_allot_user` VALUES ('22', '34973218857', '李四22', '2016-11-10', '512200968949428428', '是', '774166', '男', '48', '2016-11-01', '关羽22', '98338711133', '否', '张辉胜', 'DHK0001', '0', '2016-11-10 15:54:16', '2016-11-10 15:54:16');
INSERT INTO `cl_allot_user` VALUES ('23', '70492966226', '张三23', '2016-11-10', '526485064688648194', '是', '991571', '男', '82', '2016-11-01', '刘备23', '95034103596', '是', '何朵', 'DHK0001', '0', '2016-11-10 15:54:16', '2016-11-10 15:54:16');
INSERT INTO `cl_allot_user` VALUES ('24', '26262721225', '李四24', '2016-11-10', '889187091066982077', '是', '878605', '男', '14', '2016-11-01', '关羽24', '32986119871', '否', '张辉胜', 'DHK0001', '0', '2016-11-10 15:54:16', '2016-11-10 15:54:16');
INSERT INTO `cl_allot_user` VALUES ('25', '68830217537', '张三25', '2016-11-10', '858619737177057838', '是', '419797', '男', '26', '2016-11-01', '刘备25', '66919302944', '是', '何朵', 'DHK0001', '0', '2016-11-10 15:54:16', '2016-11-10 15:54:16');
INSERT INTO `cl_allot_user` VALUES ('26', '58216304635', '李四26', '2016-11-10', '672651208925568383', '是', '997005', '男', '24', '2016-11-01', '关羽26', '17069038082', '否', '张辉胜', 'DHK0001', '0', '2016-11-10 15:54:16', '2016-11-10 15:54:16');
INSERT INTO `cl_allot_user` VALUES ('27', '62125921351', '王五27', '2016-11-10', '719457795659483289', '否', '787469', '女', '78', '2016-11-01', '张飞27', '36022766906', '否', '毛慧芳', 'DHK0001', '0', '2016-11-10 15:54:16', '2016-11-10 15:54:16');
INSERT INTO `cl_allot_user` VALUES ('28', '56340117472', '李四28', '2016-11-10', '142716943127960122', '是', '250739', '男', '85', '2016-11-01', '关羽28', '99692688215', '否', '张辉胜', 'DHK0001', '0', '2016-11-10 15:54:16', '2016-11-10 15:54:16');
INSERT INTO `cl_allot_user` VALUES ('29', '17468952479', '张三29', '2016-11-10', '917638409944768360', '是', '528197', '男', '35', '2016-11-01', '刘备29', '27551541058', '是', '何朵', 'DHK0001', '0', '2016-11-10 15:54:16', '2016-11-10 15:54:16');
INSERT INTO `cl_allot_user` VALUES ('30', '74351535605', '李四30', '2016-11-10', '347580522096057908', '是', '811836', '男', '67', '2016-11-01', '关羽30', '49611619158', '否', '张辉胜', 'DHK0001', '1', '2016-11-10 15:54:16', '2016-11-10 15:54:16');
INSERT INTO `cl_allot_user` VALUES ('31', '61768473215', '张三31', '2016-11-10', '483768471604003303', '是', '516086', '男', '63', '2016-11-01', '刘备31', '19463381316', '是', '何朵', 'DHK0001', '0', '2016-11-10 15:54:16', '2016-11-10 15:54:16');
INSERT INTO `cl_allot_user` VALUES ('32', '39347493071', '李四32', '2016-11-10', '485348068844888260', '是', '814225', '男', '76', '2016-11-01', '关羽32', '56512080744', '否', '张辉胜', 'DHK0001', '0', '2016-11-10 15:54:16', '2016-11-10 15:54:16');
INSERT INTO `cl_allot_user` VALUES ('33', '23571451429', '王五33', '2016-11-10', '897029798165102069', '否', '773914', '女', '14', '2016-11-01', '张飞33', '30840500096', '否', '毛慧芳', 'DHK0001', '0', '2016-11-10 15:54:16', '2016-11-10 15:54:16');
INSERT INTO `cl_allot_user` VALUES ('34', '76434003777', '李四34', '2016-11-10', '428722043182063944', '是', '928151', '男', '55', '2016-11-01', '关羽34', '15206711739', '否', '张辉胜', 'DHK0001', '0', '2016-11-10 15:54:16', '2016-11-10 15:54:16');
INSERT INTO `cl_allot_user` VALUES ('35', '48584833224', '张三35', '2016-11-10', '432432951045000185', '是', '393652', '男', '38', '2016-11-01', '刘备35', '18205592036', '是', '何朵', 'DHK0001', '0', '2016-11-10 15:54:16', '2016-11-10 15:54:16');
INSERT INTO `cl_allot_user` VALUES ('36', '98880442156', '李四36', '2016-11-10', '407687129256671789', '是', '998159', '男', '80', '2016-11-01', '关羽36', '91659020622', '否', '张辉胜', 'DHK0001', '0', '2016-11-10 15:54:16', '2016-11-10 15:54:16');
INSERT INTO `cl_allot_user` VALUES ('37', '94141293107', '张三37', '2016-11-10', '205289569889938134', '是', '394150', '男', '42', '2016-11-01', '刘备37', '50958180189', '是', '何朵', 'DHK0001', '0', '2016-11-10 15:54:16', '2016-11-10 15:54:16');
INSERT INTO `cl_allot_user` VALUES ('38', '67168263390', '李四38', '2016-11-10', '284548088347694154', '是', '995415', '男', '41', '2016-11-01', '关羽38', '51069468799', '否', '张辉胜', 'DHK0001', '0', '2016-11-10 15:54:16', '2016-11-10 15:54:16');
INSERT INTO `cl_allot_user` VALUES ('39', '62635880943', '王五39', '2016-11-10', '837974771311179192', '否', '404883', '女', '93', '2016-11-01', '张飞39', '75156523574', '否', '毛慧芳', 'DHK0001', '0', '2016-11-10 15:54:16', '2016-11-10 15:54:16');
INSERT INTO `cl_allot_user` VALUES ('40', '52944987356', '李四40', '2016-11-10', '439313072672858383', '是', '700790', '男', '44', '2016-11-01', '关羽40', '61918701046', '否', '张辉胜', 'DHK0001', '1', '2016-11-10 15:54:16', '2016-11-10 15:54:16');
INSERT INTO `cl_allot_user` VALUES ('41', '36919602329', '张三41', '2016-11-10', '657735010602661074', '是', '594505', '男', '82', '2016-11-01', '刘备41', '40041727643', '是', '何朵', 'DHK0001', '0', '2016-11-10 15:54:16', '2016-11-10 15:54:16');
INSERT INTO `cl_allot_user` VALUES ('42', '16363614079', '李四42', '2016-11-10', '406496210379384108', '是', '665097', '男', '13', '2016-11-01', '关羽42', '68941033003', '否', '张辉胜', 'DHK0001', '0', '2016-11-10 15:54:16', '2016-11-10 15:54:16');
INSERT INTO `cl_allot_user` VALUES ('43', '93987643849', '张三43', '2016-11-10', '748367529345407867', '是', '102849', '男', '58', '2016-11-01', '刘备43', '19375301332', '是', '何朵', 'DHK0001', '0', '2016-11-10 15:54:16', '2016-11-10 15:54:16');
INSERT INTO `cl_allot_user` VALUES ('44', '26871684824', '李四44', '2016-11-10', '394754867014836598', '是', '601494', '男', '13', '2016-11-01', '关羽44', '97470696479', '否', '张辉胜', 'DHK0001', '0', '2016-11-10 15:54:16', '2016-11-10 15:54:16');
INSERT INTO `cl_allot_user` VALUES ('45', '47406207505', '王五45', '2016-11-10', '711742515350759481', '否', '830604', '女', '55', '2016-11-01', '张飞45', '52476959783', '否', '毛慧芳', 'DHK0001', '0', '2016-11-10 15:54:16', '2016-11-10 15:54:16');
INSERT INTO `cl_allot_user` VALUES ('46', '33762057775', '李四46', '2016-11-10', '401311244514899255', '是', '917019', '男', '85', '2016-11-01', '关羽46', '68934199641', '否', '张辉胜', 'DHK0001', '0', '2016-11-10 15:54:16', '2016-11-10 15:54:16');
INSERT INTO `cl_allot_user` VALUES ('47', '67646303904', '张三47', '2016-11-10', '322725224799215755', '是', '873462', '男', '79', '2016-11-01', '刘备47', '33234201360', '是', '何朵', 'DHK0001', '0', '2016-11-10 15:54:16', '2016-11-10 15:54:16');
INSERT INTO `cl_allot_user` VALUES ('48', '32397042925', '李四48', '2016-11-10', '811977372730681116', '是', '805038', '男', '76', '2016-11-01', '关羽48', '52730792294', '否', '张辉胜', 'DHK0001', '0', '2016-11-10 15:54:16', '2016-11-10 15:54:16');
INSERT INTO `cl_allot_user` VALUES ('49', '87759486186', '张三49', '2016-11-10', '892885721836263994', '是', '993073', '男', '25', '2016-11-01', '刘备49', '46449166969', '是', '何朵', 'DHK0001', '0', '2016-11-10 15:54:16', '2016-11-10 15:54:16');
INSERT INTO `cl_allot_user` VALUES ('50', '39523347190', '李四50', '2016-11-10', '947400533557217779', '是', '240637', '男', '24', '2016-11-01', '关羽50', '83034521076', '否', '张辉胜', 'DHK0001', '1', '2016-11-10 15:54:16', '2016-11-10 15:54:16');
INSERT INTO `cl_allot_user` VALUES ('51', '75957293259', '王五51', '2016-11-10', '967665659226133401', '否', '676816', '女', '45', '2016-11-01', '张飞51', '60996674104', '否', '毛慧芳', 'DHK0001', '0', '2016-11-10 15:54:16', '2016-11-10 15:54:16');
INSERT INTO `cl_allot_user` VALUES ('52', '23334540040', '李四52', '2016-11-10', '980002956734482352', '是', '474386', '男', '79', '2016-11-01', '关羽52', '32848334356', '否', '张辉胜', 'DHK0001', '0', '2016-11-10 15:54:16', '2016-11-10 15:54:16');
INSERT INTO `cl_allot_user` VALUES ('53', '46168263034', '张三53', '2016-11-10', '360653329581395932', '是', '226991', '男', '54', '2016-11-01', '刘备53', '48284142731', '是', '何朵', 'DHK0001', '0', '2016-11-10 15:54:16', '2016-11-10 15:54:16');
INSERT INTO `cl_allot_user` VALUES ('54', '44727026428', '李四54', '2016-11-10', '981867060094757770', '是', '425949', '男', '65', '2016-11-01', '关羽54', '21856901259', '否', '张辉胜', 'DHK0001', '0', '2016-11-10 15:54:16', '2016-11-10 15:54:16');
INSERT INTO `cl_allot_user` VALUES ('55', '28635795401', '张三55', '2016-11-10', '336128149419616884', '是', '774938', '男', '45', '2016-11-01', '刘备55', '49060153169', '是', '何朵', 'DHK0001', '0', '2016-11-10 15:54:16', '2016-11-10 15:54:16');
INSERT INTO `cl_allot_user` VALUES ('56', '96519070728', '张三1', '2016-11-10', '867648202993489523', '是', '933265', '男', '79', '2016-11-01', '刘备1', '13085213945', '是', '何朵', 'DHK0001', '0', '2016-11-10 15:58:52', '2016-11-10 15:58:52');
INSERT INTO `cl_allot_user` VALUES ('57', '13024392768', '李四2', '2016-11-10', '303527801059044890', '是', '414921', '男', '64', '2016-11-01', '关羽2', '68056207869', '否', '张辉胜', 'DHK0001', '0', '2016-11-10 15:58:52', '2016-11-10 15:58:52');
INSERT INTO `cl_allot_user` VALUES ('58', '56042304502', '王五3', '2016-11-10', '369127844280873939', '否', '487003', '女', '56', '2016-11-01', '张飞3', '92245622635', '否', '毛慧芳', 'DHK0001', '0', '2016-11-10 15:58:52', '2016-11-10 15:58:52');
INSERT INTO `cl_allot_user` VALUES ('59', '59700932510', '李四4', '2016-11-10', '799624200123970909', '是', '999142', '男', '28', '2016-11-01', '关羽4', '65337263994', '否', '张辉胜', 'DHK0001', '0', '2016-11-10 15:58:52', '2016-11-10 15:58:52');
INSERT INTO `cl_allot_user` VALUES ('60', '19784924319', '张三5', '2016-11-10', '904714339728955019', '是', '726896', '男', '77', '2016-11-01', '刘备5', '21335759458', '是', '何朵', 'DHK0001', '0', '2016-11-10 15:58:52', '2016-11-10 15:58:52');
INSERT INTO `cl_allot_user` VALUES ('61', '20745922818', '李四6', '2016-11-10', '405266023070973258', '是', '244310', '男', '51', '2016-11-01', '关羽6', '88453576862', '否', '张辉胜', 'DHK0001', '0', '2016-11-10 15:58:52', '2016-11-10 15:58:52');
INSERT INTO `cl_allot_user` VALUES ('62', '79735354049', '张三7', '2016-11-10', '759723092457309907', '是', '508995', '男', '95', '2016-11-01', '刘备7', '74219413209', '是', '何朵', 'DHK0001', '0', '2016-11-10 15:58:52', '2016-11-10 15:58:52');
INSERT INTO `cl_allot_user` VALUES ('63', '63071763527', '李四8', '2016-11-10', '970087251501418449', '是', '873396', '男', '96', '2016-11-01', '关羽8', '85462048542', '否', '张辉胜', 'DHK0001', '0', '2016-11-10 15:58:52', '2016-11-10 15:58:52');
INSERT INTO `cl_allot_user` VALUES ('64', '87713992959', '王五9', '2016-11-10', '715262036321220174', '否', '176202', '女', '19', '2016-11-01', '张飞9', '55973627670', '否', '毛慧芳', 'DHK0001', '0', '2016-11-10 15:58:52', '2016-11-10 15:58:52');
INSERT INTO `cl_allot_user` VALUES ('65', '61991505265', '李四10', '2016-11-10', '157045990305180311', '是', '160405', '男', '52', '2016-11-01', '关羽10', '47775324255', '否', '张辉胜', 'DHK0001', '1', '2016-11-10 15:58:52', '2016-11-10 15:58:52');
INSERT INTO `cl_allot_user` VALUES ('66', '71293534414', '张三11', '2016-11-10', '507136555984516605', '是', '186824', '男', '20', '2016-11-01', '刘备11', '45389207776', '是', '何朵', 'DHK0001', '0', '2016-11-10 15:58:52', '2016-11-10 15:58:52');
INSERT INTO `cl_allot_user` VALUES ('67', '40395292081', '李四12', '2016-11-10', '549276043566928510', '是', '837461', '男', '78', '2016-11-01', '关羽12', '87517638385', '否', '张辉胜', 'DHK0001', '0', '2016-11-10 15:58:52', '2016-11-10 15:58:52');
INSERT INTO `cl_allot_user` VALUES ('68', '38076923489', '张三13', '2016-11-10', '883301790302099533', '是', '814128', '男', '41', '2016-11-01', '刘备13', '58662350264', '是', '何朵', 'DHK0001', '0', '2016-11-10 15:58:52', '2016-11-10 15:58:52');
INSERT INTO `cl_allot_user` VALUES ('69', '94471731599', '李四14', '2016-11-10', '763339856861206323', '是', '821720', '男', '60', '2016-11-01', '关羽14', '51662397313', '否', '张辉胜', 'DHK0001', '0', '2016-11-10 15:58:52', '2016-11-10 15:58:52');
INSERT INTO `cl_allot_user` VALUES ('70', '44425271757', '王五15', '2016-11-10', '127560464812614456', '否', '399419', '女', '63', '2016-11-01', '张飞15', '38988030365', '否', '毛慧芳', 'DHK0001', '0', '2016-11-10 15:58:52', '2016-11-10 15:58:52');
INSERT INTO `cl_allot_user` VALUES ('71', '87394870205', '李四16', '2016-11-10', '383813851324871513', '是', '877388', '男', '27', '2016-11-01', '关羽16', '83442374465', '否', '张辉胜', 'DHK0001', '0', '2016-11-10 15:58:52', '2016-11-10 15:58:52');
INSERT INTO `cl_allot_user` VALUES ('72', '91807721276', '张三17', '2016-11-10', '708176086815668642', '是', '679065', '男', '68', '2016-11-01', '刘备17', '40163958054', '是', '何朵', 'DHK0001', '0', '2016-11-10 15:58:52', '2016-11-10 15:58:52');
INSERT INTO `cl_allot_user` VALUES ('73', '88607546576', '李四18', '2016-11-10', '328915916386249572', '是', '998535', '男', '25', '2016-11-01', '关羽18', '20423035279', '否', '张辉胜', 'DHK0001', '0', '2016-11-10 15:58:52', '2016-11-10 15:58:52');
INSERT INTO `cl_allot_user` VALUES ('74', '69172750790', '张三19', '2016-11-10', '114014987893362241', '是', '220919', '男', '13', '2016-11-01', '刘备19', '35451365060', '是', '何朵', 'DHK0001', '0', '2016-11-10 15:58:52', '2016-11-10 15:58:52');
INSERT INTO `cl_allot_user` VALUES ('75', '51795436205', '李四20', '2016-11-10', '103764315380196096', '是', '588701', '男', '48', '2016-11-01', '关羽20', '74046865349', '否', '张辉胜', 'DHK0001', '1', '2016-11-10 15:58:52', '2016-11-10 15:58:52');
INSERT INTO `cl_allot_user` VALUES ('76', '72898756705', '王五21', '2016-11-10', '468640226487431752', '否', '818510', '女', '73', '2016-11-01', '张飞21', '14978895095', '否', '毛慧芳', 'DHK0001', '0', '2016-11-10 15:58:52', '2016-11-10 15:58:52');
INSERT INTO `cl_allot_user` VALUES ('77', '14067370375', '李四22', '2016-11-10', '258281620077906162', '是', '863150', '男', '45', '2016-11-01', '关羽22', '52582065652', '否', '张辉胜', 'DHK0001', '0', '2016-11-10 15:58:52', '2016-11-10 15:58:52');
INSERT INTO `cl_allot_user` VALUES ('78', '54124088816', '张三23', '2016-11-10', '197365375593353875', '是', '902326', '男', '50', '2016-11-01', '刘备23', '48975169078', '是', '何朵', 'DHK0001', '0', '2016-11-10 15:58:52', '2016-11-10 15:58:52');
INSERT INTO `cl_allot_user` VALUES ('79', '39945378491', '李四24', '2016-11-10', '550219716672411110', '是', '715408', '男', '36', '2016-11-01', '关羽24', '68230949219', '否', '张辉胜', 'DHK0001', '0', '2016-11-10 15:58:52', '2016-11-10 15:58:52');
INSERT INTO `cl_allot_user` VALUES ('80', '92129056306', '张三25', '2016-11-10', '259602893540752579', '是', '991510', '男', '55', '2016-11-01', '刘备25', '28931664444', '是', '何朵', 'DHK0001', '0', '2016-11-10 15:58:52', '2016-11-10 15:58:52');
INSERT INTO `cl_allot_user` VALUES ('81', '15089289281', '李四26', '2016-11-10', '594570426121542887', '是', '860136', '男', '56', '2016-11-01', '关羽26', '15771703079', '否', '张辉胜', 'DHK0001', '0', '2016-11-10 15:58:52', '2016-11-10 15:58:52');
INSERT INTO `cl_allot_user` VALUES ('82', '36742937126', '王五27', '2016-11-10', '766318696417928428', '否', '979835', '女', '23', '2016-11-01', '张飞27', '67377235283', '否', '毛慧芳', 'DHK0001', '0', '2016-11-10 15:58:52', '2016-11-10 15:58:52');
INSERT INTO `cl_allot_user` VALUES ('83', '46913405333', '李四28', '2016-11-10', '955411464732591972', '是', '328437', '男', '69', '2016-11-01', '关羽28', '11911459611', '否', '张辉胜', 'DHK0001', '0', '2016-11-10 15:58:52', '2016-11-10 15:58:52');
INSERT INTO `cl_allot_user` VALUES ('84', '14470203910', '张三29', '2016-11-10', '814921755608326161', '是', '997884', '男', '68', '2016-11-01', '刘备29', '84206121889', '是', '何朵', 'DHK0001', '0', '2016-11-10 15:58:52', '2016-11-10 15:58:52');
INSERT INTO `cl_allot_user` VALUES ('85', '72777613919', '李四30', '2016-11-10', '481697269218537038', '是', '633387', '男', '33', '2016-11-01', '关羽30', '20072231342', '否', '张辉胜', 'DHK0001', '1', '2016-11-10 15:58:52', '2016-11-10 15:58:52');
INSERT INTO `cl_allot_user` VALUES ('86', '35201184477', '张三31', '2016-11-10', '422371964689744203', '是', '220000', '男', '89', '2016-11-01', '刘备31', '10322768971', '是', '何朵', 'DHK0001', '0', '2016-11-10 15:58:52', '2016-11-10 15:58:52');
INSERT INTO `cl_allot_user` VALUES ('87', '53803282771', '李四32', '2016-11-10', '472183607077625225', '是', '314866', '男', '80', '2016-11-01', '关羽32', '52945062772', '否', '张辉胜', 'DHK0001', '0', '2016-11-10 15:58:52', '2016-11-10 15:58:52');
INSERT INTO `cl_allot_user` VALUES ('88', '69062975075', '王五33', '2016-11-10', '451754053293711616', '否', '856592', '女', '88', '2016-11-01', '张飞33', '42759578387', '否', '毛慧芳', 'DHK0001', '0', '2016-11-10 15:58:52', '2016-11-10 15:58:52');
INSERT INTO `cl_allot_user` VALUES ('89', '92640790716', '李四34', '2016-11-10', '525964880067345673', '是', '790886', '男', '62', '2016-11-01', '关羽34', '40200920481', '否', '张辉胜', 'DHK0001', '0', '2016-11-10 15:58:52', '2016-11-10 15:58:52');
INSERT INTO `cl_allot_user` VALUES ('90', '26945061027', '张三35', '2016-11-10', '873099088576749133', '是', '140632', '男', '45', '2016-11-01', '刘备35', '83836266048', '是', '何朵', 'DHK0001', '0', '2016-11-10 15:58:52', '2016-11-10 15:58:52');
INSERT INTO `cl_allot_user` VALUES ('91', '12789314737', '李四36', '2016-11-10', '286341440111466964', '是', '987588', '男', '92', '2016-11-01', '关羽36', '14307440847', '否', '张辉胜', 'DHK0001', '0', '2016-11-10 15:58:52', '2016-11-10 15:58:52');
INSERT INTO `cl_allot_user` VALUES ('92', '53127383542', '张三37', '2016-11-10', '494704221233211393', '是', '345603', '男', '40', '2016-11-01', '刘备37', '99052386687', '是', '何朵', 'DHK0001', '0', '2016-11-10 15:58:52', '2016-11-10 15:58:52');
INSERT INTO `cl_allot_user` VALUES ('93', '60110225436', '李四38', '2016-11-10', '702350557821809183', '是', '457079', '男', '71', '2016-11-01', '关羽38', '73174296575', '否', '张辉胜', 'DHK0001', '0', '2016-11-10 15:58:52', '2016-11-10 15:58:52');
INSERT INTO `cl_allot_user` VALUES ('94', '75904059837', '王五39', '2016-11-10', '142518446697714337', '否', '833056', '女', '19', '2016-11-01', '张飞39', '11684306012', '否', '毛慧芳', 'DHK0001', '0', '2016-11-10 15:58:52', '2016-11-10 15:58:52');
INSERT INTO `cl_allot_user` VALUES ('95', '75359533350', '李四40', '2016-11-10', '462465873883223613', '是', '422177', '男', '42', '2016-11-01', '关羽40', '64001880165', '否', '张辉胜', 'DHK0001', '1', '2016-11-10 15:58:52', '2016-11-10 15:58:52');
INSERT INTO `cl_allot_user` VALUES ('96', '82985558200', '张三41', '2016-11-10', '927155885033824951', '是', '855429', '男', '25', '2016-11-01', '刘备41', '68192746591', '是', '何朵', 'DHK0001', '0', '2016-11-10 15:58:52', '2016-11-10 15:58:52');
INSERT INTO `cl_allot_user` VALUES ('97', '29914059700', '李四42', '2016-11-10', '559959395698270587', '是', '902835', '男', '48', '2016-11-01', '关羽42', '63880596661', '否', '张辉胜', 'DHK0001', '0', '2016-11-10 15:58:52', '2016-11-10 15:58:52');
INSERT INTO `cl_allot_user` VALUES ('98', '78958843573', '张三43', '2016-11-10', '548544634427511862', '是', '399166', '男', '97', '2016-11-01', '刘备43', '21775678890', '是', '何朵', 'DHK0001', '0', '2016-11-10 15:58:52', '2016-11-10 15:58:52');
INSERT INTO `cl_allot_user` VALUES ('99', '12160446872', '李四44', '2016-11-10', '206658449176172324', '是', '397709', '男', '63', '2016-11-01', '关羽44', '19400842383', '否', '张辉胜', 'DHK0001', '0', '2016-11-10 15:58:52', '2016-11-10 15:58:52');
INSERT INTO `cl_allot_user` VALUES ('100', '72430090998', '王五45', '2016-11-10', '342674243738910451', '否', '385271', '女', '99', '2016-11-01', '张飞45', '67132702782', '否', '毛慧芳', 'DHK0001', '0', '2016-11-10 15:58:52', '2016-11-10 15:58:52');
INSERT INTO `cl_allot_user` VALUES ('101', '33901794990', '李四46', '2016-11-10', '685709516259467210', '是', '901452', '男', '12', '2016-11-01', '关羽46', '52933376724', '否', '张辉胜', 'DHK0001', '0', '2016-11-10 15:58:52', '2016-11-10 15:58:52');
INSERT INTO `cl_allot_user` VALUES ('102', '16274474955', '张三47', '2016-11-10', '317800235769117046', '是', '620709', '男', '91', '2016-11-01', '刘备47', '91874549342', '是', '何朵', 'DHK0001', '0', '2016-11-10 15:58:52', '2016-11-10 15:58:52');
INSERT INTO `cl_allot_user` VALUES ('103', '62163424001', '李四48', '2016-11-10', '892917211693604605', '是', '712270', '男', '71', '2016-11-01', '关羽48', '23834170480', '否', '张辉胜', 'DHK0001', '0', '2016-11-10 15:58:52', '2016-11-10 15:58:52');
INSERT INTO `cl_allot_user` VALUES ('104', '73279345197', '张三49', '2016-11-10', '707804156718549410', '是', '104608', '男', '30', '2016-11-01', '刘备49', '62168791814', '是', '何朵', 'DHK0001', '0', '2016-11-10 15:58:52', '2016-11-10 15:58:52');
INSERT INTO `cl_allot_user` VALUES ('105', '20163273501', '李四50', '2016-11-10', '261226794369437404', '是', '851536', '男', '47', '2016-11-01', '关羽50', '13836126681', '否', '张辉胜', 'DHK0001', '1', '2016-11-10 15:58:52', '2016-11-10 15:58:52');
INSERT INTO `cl_allot_user` VALUES ('106', '81736945172', '王五51', '2016-11-10', '575501470304601579', '否', '416248', '女', '93', '2016-11-01', '张飞51', '55638864646', '否', '毛慧芳', 'DHK0001', '0', '2016-11-10 15:58:52', '2016-11-10 15:58:52');
INSERT INTO `cl_allot_user` VALUES ('107', '92176002022', '李四52', '2016-11-10', '776074205789815773', '是', '596492', '男', '22', '2016-11-01', '关羽52', '17657474698', '否', '张辉胜', 'DHK0001', '0', '2016-11-10 15:58:52', '2016-11-10 15:58:52');
INSERT INTO `cl_allot_user` VALUES ('108', '90629224473', '张三53', '2016-11-10', '579519042052823352', '是', '366369', '男', '91', '2016-11-01', '刘备53', '91893176918', '是', '何朵', 'DHK0001', '0', '2016-11-10 15:58:52', '2016-11-10 15:58:52');
INSERT INTO `cl_allot_user` VALUES ('109', '40125884413', '李四54', '2016-11-10', '572935841483038650', '是', '479508', '男', '51', '2016-11-01', '关羽54', '31503210553', '否', '张辉胜', 'DHK0001', '0', '2016-11-10 15:58:52', '2016-11-10 15:58:52');
INSERT INTO `cl_allot_user` VALUES ('110', '25315728365', '张三55', '2016-11-10', '993587586230596756', '是', '937023', '男', '75', '2016-11-01', '刘备55', '78372174391', '是', '何朵', 'DHK0001', '0', '2016-11-10 15:58:52', '2016-11-10 15:58:52');

-- ----------------------------
-- Table structure for cl_excel
-- ----------------------------
DROP TABLE IF EXISTS `cl_excel`;
CREATE TABLE `cl_excel` (
  `id` bigint(20) NOT NULL AUTO_INCREMENT COMMENT '自动编号',
  `user_id` bigint(20) DEFAULT NULL COMMENT '当前用户ID',
  `excel_name` varchar(100) DEFAULT NULL COMMENT 'Excel源文件名',
  `excel_real_name` varchar(100) DEFAULT NULL COMMENT 'Excel服务器文件名',
  `excel_real_path` varchar(200) DEFAULT NULL COMMENT 'Excel服务器路径',
  `mtime` timestamp NULL DEFAULT NULL ON UPDATE CURRENT_TIMESTAMP COMMENT '更新时间',
  `ctime` timestamp NULL DEFAULT CURRENT_TIMESTAMP COMMENT '创建时间',
  PRIMARY KEY (`id`)
) ENGINE=InnoDB AUTO_INCREMENT=3 DEFAULT CHARSET=utf8 ROW_FORMAT=DYNAMIC;

-- ----------------------------
-- Records of cl_excel
-- ----------------------------
INSERT INTO `cl_excel` VALUES ('1', '88888888', 'ExtUserUpload_Template_v1.0.xlsx', '127.0.0.1-1478593106609.xlsx', 'F:\\workspace\\intellij2016\\big-client-new\\src\\upload\\', null, '2016-11-08 16:18:27');
INSERT INTO `cl_excel` VALUES ('2', '88888888', 'ExtUserUpload_Template_v1.0.xlsx', '127.0.0.1-1478593249022.xlsx', 'F:\\workspace\\intellij2016\\big-client-new\\src\\upload\\', null, '2016-11-08 16:20:49');

-- ----------------------------
-- Table structure for cl_ext_user
-- ----------------------------
DROP TABLE IF EXISTS `cl_ext_user`;
CREATE TABLE `cl_ext_user` (
  `id` bigint(20) NOT NULL AUTO_INCREMENT COMMENT '自动编号',
  `phone_number` bigint(20) NOT NULL COMMENT '手机号码',
  `user_name` varchar(20) DEFAULT NULL COMMENT '客户姓名',
  `investment_adviser` varchar(20) DEFAULT NULL COMMENT '投资顾问',
  `if_register` varchar(20) DEFAULT NULL COMMENT '是否注册',
  `register_date` varchar(20) DEFAULT NULL COMMENT '注册日期',
  `if_real_name` varchar(20) DEFAULT NULL COMMENT '是否实名',
  `if_bind_card` varchar(20) DEFAULT NULL COMMENT '是否绑卡',
  `if_transaction` varchar(20) DEFAULT NULL COMMENT '是否有过交易',
  `referrer` varchar(20) DEFAULT NULL COMMENT '扫码推荐人',
  `user_identify` varchar(20) DEFAULT NULL COMMENT '客户标识',
  `if_delete` int(4) DEFAULT '0' COMMENT '是否删除;0:未删除，1:删除',
  `mtime` timestamp NULL DEFAULT NULL ON UPDATE CURRENT_TIMESTAMP COMMENT '更新时间',
  `ctime` timestamp NULL DEFAULT CURRENT_TIMESTAMP COMMENT '创建时间',
  PRIMARY KEY (`id`)
) ENGINE=InnoDB AUTO_INCREMENT=15 DEFAULT CHARSET=utf8 ROW_FORMAT=DYNAMIC COMMENT='外部拓展客户';

-- ----------------------------
-- Records of cl_ext_user
-- ----------------------------
INSERT INTO `cl_ext_user` VALUES ('1', '13802108888', '张三1', '何朵', '是', '2016-11-15', '否', '是', '否', '吕布0', null, '0', null, '2016-11-15 15:27:20');
INSERT INTO `cl_ext_user` VALUES ('2', '13802108889', '张三2', '何朵', '否', '2016-11-01', '是', '否', '否', '貂蝉1', null, '0', null, '2016-11-15 15:27:20');
INSERT INTO `cl_ext_user` VALUES ('3', '13802108890', '张三3', '何朵', '是', '2016-11-15', '否', '是', '否', '吕布2', null, '0', null, '2016-11-15 15:27:20');
INSERT INTO `cl_ext_user` VALUES ('4', '13802108891', '张三4', '何朵', '否', '2016-11-01', '是', '否', '否', '貂蝉3', null, '1', '2016-11-15 15:30:24', '2016-11-15 15:27:20');
INSERT INTO `cl_ext_user` VALUES ('5', '13802108892', '张三5', '何朵', '是', '2016-11-15', '否', '是', '否', '吕布4', null, '0', null, '2016-11-15 15:27:20');
INSERT INTO `cl_ext_user` VALUES ('6', '13802108893', '张三6', '何朵', '否', '2016-11-01', '是', '否', '否', '貂蝉5', null, '0', null, '2016-11-15 15:27:20');
INSERT INTO `cl_ext_user` VALUES ('7', '13802108894', '张三7', '何朵', '是', '2016-11-15', '否', '是', '否', '吕布6', null, '0', null, '2016-11-15 15:27:21');
INSERT INTO `cl_ext_user` VALUES ('8', '13802108895', '张三8', '何朵', '否', '2016-11-01', '是', '否', '否', '貂蝉7', null, '0', null, '2016-11-15 15:27:21');
INSERT INTO `cl_ext_user` VALUES ('9', '13802108896', '张三9', '何朵', '是', '2016-11-15', '否', '是', '否', '吕布8', null, '0', null, '2016-11-15 15:27:21');
INSERT INTO `cl_ext_user` VALUES ('10', '13802108897', '张三10', '何朵', '否', '2016-11-01', '是', '否', '否', '貂蝉9', null, '0', null, '2016-11-15 15:27:21');
INSERT INTO `cl_ext_user` VALUES ('11', '13802108898', '张三11', '何朵', '是', '2016-11-15', '否', '是', '否', '吕布10', null, '0', null, '2016-11-15 15:27:21');
INSERT INTO `cl_ext_user` VALUES ('12', '13802108899', '张三12', '何朵', '否', '2016-11-01', '是', '否', '否', '貂蝉11', null, '0', null, '2016-11-15 15:27:21');
INSERT INTO `cl_ext_user` VALUES ('13', '13802108900', '张三13', '何朵', '是', '2016-11-15', '否', '是', '否', '吕布12', null, '0', null, '2016-11-15 15:27:21');
INSERT INTO `cl_ext_user` VALUES ('14', '13802108901', '张三14', '何朵', '否', '2016-11-01', '是', '否', '否', '貂蝉13', null, '0', null, '2016-11-15 15:27:21');

-- ----------------------------
-- Table structure for cl_ext_user_bak
-- ----------------------------
DROP TABLE IF EXISTS `cl_ext_user_bak`;
CREATE TABLE `cl_ext_user_bak` (
  `id` bigint(20) NOT NULL AUTO_INCREMENT COMMENT '自动编号',
  `excel_id` bigint(20) NOT NULL COMMENT 'excel关联id',
  `phone_number` bigint(20) NOT NULL COMMENT '手机号码',
  `customer_name` varchar(20) DEFAULT NULL COMMENT '投顾上传的客户姓名（待匹配系统客户姓名）',
  `user_name` varchar(20) DEFAULT NULL COMMENT '客户姓名',
  `investment_adviser` varchar(20) DEFAULT NULL COMMENT '投资顾问',
  `if_effective` int(4) DEFAULT NULL COMMENT '是否有效（1：有效，0：无效）',
  `if_delete` int(4) DEFAULT '0' COMMENT '是否删除，0代表未删除，1代表删除',
  `remark` varchar(100) DEFAULT NULL COMMENT '备注信息(用来记录上报无效的原因）',
  `mtime` timestamp NULL DEFAULT NULL ON UPDATE CURRENT_TIMESTAMP COMMENT '更新时间',
  `ctime` timestamp NULL DEFAULT CURRENT_TIMESTAMP COMMENT '创建时间',
  PRIMARY KEY (`id`),
  KEY `IDX_EXCEL_ID` (`excel_id`) USING BTREE,
  KEY `IDX_PHONE_NUMBER` (`phone_number`) USING BTREE
) ENGINE=InnoDB AUTO_INCREMENT=15 DEFAULT CHARSET=utf8 ROW_FORMAT=DYNAMIC COMMENT='外部拓展客户（导入名单）';

-- ----------------------------
-- Records of cl_ext_user_bak
-- ----------------------------
INSERT INTO `cl_ext_user_bak` VALUES ('1', '2', '13802108888', '张三1', null, '何朵', '1', '0', null, null, '2016-11-08 16:20:51');
INSERT INTO `cl_ext_user_bak` VALUES ('2', '2', '13802108889', '张三2', null, '何朵', '1', '0', null, null, '2016-11-08 16:20:51');
INSERT INTO `cl_ext_user_bak` VALUES ('3', '2', '13802108890', '张三3', null, '何朵', '1', '0', null, null, '2016-11-08 16:20:51');
INSERT INTO `cl_ext_user_bak` VALUES ('4', '2', '13802108891', '张三4', null, '何朵', '1', '0', null, null, '2016-11-08 16:20:52');
INSERT INTO `cl_ext_user_bak` VALUES ('5', '2', '13802108892', '张三5', null, '何朵', '1', '0', null, null, '2016-11-08 16:20:52');
INSERT INTO `cl_ext_user_bak` VALUES ('6', '2', '13802108893', '张三6', null, '何朵', '1', '0', null, null, '2016-11-08 16:20:53');
INSERT INTO `cl_ext_user_bak` VALUES ('7', '2', '13802108894', '张三7', null, '何朵', '1', '0', null, null, '2016-11-08 16:20:53');
INSERT INTO `cl_ext_user_bak` VALUES ('8', '2', '13802108895', '张三8', null, '何朵', '1', '0', null, null, '2016-11-08 16:20:54');
INSERT INTO `cl_ext_user_bak` VALUES ('9', '2', '13802108896', '张三9', null, '何朵', '1', '0', null, null, '2016-11-08 16:20:54');
INSERT INTO `cl_ext_user_bak` VALUES ('10', '2', '13802108897', '张三10', null, '何朵', '1', '0', null, null, '2016-11-08 16:20:55');
INSERT INTO `cl_ext_user_bak` VALUES ('11', '2', '13802108898', '张三11', null, '何朵', '1', '0', null, null, '2016-11-08 16:20:55');
INSERT INTO `cl_ext_user_bak` VALUES ('12', '2', '13802108899', '张三12', null, '何朵', '1', '0', null, null, '2016-11-08 16:20:56');
INSERT INTO `cl_ext_user_bak` VALUES ('13', '2', '13802108900', '张三13', null, '何朵', '1', '0', null, null, '2016-11-08 16:20:56');
INSERT INTO `cl_ext_user_bak` VALUES ('14', '2', '13802108901', '张三14', null, '何朵', '1', '0', null, null, '2016-11-08 16:20:57');

-- ----------------------------
-- Table structure for cl_formal_user
-- ----------------------------
DROP TABLE IF EXISTS `cl_formal_user`;
CREATE TABLE `cl_formal_user` (
  `id` bigint(20) NOT NULL AUTO_INCREMENT COMMENT '自动编号',
  `phone_number` bigint(20) NOT NULL COMMENT '手机号码',
  `report_or_allot` varchar(20) DEFAULT NULL COMMENT '上报/分配',
  `report_or_allot_date` varchar(20) DEFAULT NULL COMMENT '上报/分配时间',
  `user_identify` varchar(20) DEFAULT NULL COMMENT '客户标识',
  `if_delete` int(4) DEFAULT '0' COMMENT '是否删除;0:未删除，1:删除',
  `if_performance_pool` varchar(4) DEFAULT NULL COMMENT '是否业绩池',
  `mtime` timestamp NULL DEFAULT NULL ON UPDATE CURRENT_TIMESTAMP COMMENT '更新时间',
  `ctime` timestamp NULL DEFAULT CURRENT_TIMESTAMP COMMENT '创建时间',
  PRIMARY KEY (`id`)
) ENGINE=InnoDB AUTO_INCREMENT=15 DEFAULT CHARSET=utf8 ROW_FORMAT=DYNAMIC COMMENT='正式客户名单';

-- ----------------------------
-- Records of cl_formal_user
-- ----------------------------
INSERT INTO `cl_formal_user` VALUES ('1', '13802108888', '上报', '2016-11-08 16:20:50', 'DKH000', '0', null, null, '2016-11-08 16:20:51');
INSERT INTO `cl_formal_user` VALUES ('2', '13802108889', '上报', '2016-11-08 16:20:50', 'DKH000', '0', '是', '2016-11-17 16:01:22', '2016-11-08 16:20:51');
INSERT INTO `cl_formal_user` VALUES ('3', '13802108890', '上报', '2016-11-08 16:20:51', 'DKH000', '0', '是', '2016-11-17 16:01:30', '2016-11-08 16:20:51');
INSERT INTO `cl_formal_user` VALUES ('4', '13802108891', '上报', '2016-11-08 16:20:51', 'DKH000', '0', null, null, '2016-11-08 16:20:52');
INSERT INTO `cl_formal_user` VALUES ('5', '13802108892', '上报', '2016-11-08 16:20:52', 'DKH000', '0', null, null, '2016-11-08 16:20:52');
INSERT INTO `cl_formal_user` VALUES ('6', '13802108893', '上报', '2016-11-08 16:20:52', 'DKH000', '0', null, null, '2016-11-08 16:20:53');
INSERT INTO `cl_formal_user` VALUES ('7', '13802108894', '上报', '2016-11-08 16:20:53', 'DKH000', '0', null, null, '2016-11-08 16:20:53');
INSERT INTO `cl_formal_user` VALUES ('8', '13802108895', '上报', '2016-11-08 16:20:54', 'DKH000', '0', null, null, '2016-11-08 16:20:54');
INSERT INTO `cl_formal_user` VALUES ('9', '13802108896', '上报', '2016-11-08 16:20:54', 'DKH000', '0', null, null, '2016-11-08 16:20:54');
INSERT INTO `cl_formal_user` VALUES ('10', '13802108897', '上报', '2016-11-08 16:20:54', 'DKH000', '0', null, null, '2016-11-08 16:20:55');
INSERT INTO `cl_formal_user` VALUES ('11', '13802108898', '上报', '2016-11-08 16:20:55', 'DKH000', '0', null, null, '2016-11-08 16:20:55');
INSERT INTO `cl_formal_user` VALUES ('12', '13802108899', '上报', '2016-11-08 16:20:55', 'DKH000', '0', null, null, '2016-11-08 16:20:56');
INSERT INTO `cl_formal_user` VALUES ('13', '13802108900', '上报', '2016-11-08 16:20:56', 'DKH000', '0', null, null, '2016-11-08 16:20:56');
INSERT INTO `cl_formal_user` VALUES ('14', '13802108901', '上报', '2016-11-08 16:20:56', 'DKH000', '0', null, null, '2016-11-08 16:20:57');

-- ----------------------------
-- Table structure for cl_formal_user_version
-- ----------------------------
DROP TABLE IF EXISTS `cl_formal_user_version`;
CREATE TABLE `cl_formal_user_version` (
  `id` bigint(20) NOT NULL AUTO_INCREMENT COMMENT '自动编号',
  `user_id` bigint(20) DEFAULT NULL COMMENT '客户ID',
  `advisor_id` bigint(20) DEFAULT NULL COMMENT '投顾ID',
  `version_no` varchar(20) DEFAULT NULL COMMENT '版本号:默认是1，依次递增',
  `start_date` datetime DEFAULT NULL COMMENT '分配起始日期',
  `end_date` datetime DEFAULT NULL COMMENT '分配结束日期，为NULL值表示没有结束日期',
  `mtime` timestamp NULL DEFAULT NULL ON UPDATE CURRENT_TIMESTAMP COMMENT '更新时间',
  `ctime` timestamp NULL DEFAULT CURRENT_TIMESTAMP ON UPDATE CURRENT_TIMESTAMP COMMENT '创建时间',
  PRIMARY KEY (`id`)
) ENGINE=InnoDB AUTO_INCREMENT=16 DEFAULT CHARSET=utf8 ROW_FORMAT=DYNAMIC COMMENT='正式名单的版本表，该表关联user和adviser,记录客户和投顾的对应关系。';

-- ----------------------------
-- Records of cl_formal_user_version
-- ----------------------------
INSERT INTO `cl_formal_user_version` VALUES ('1', '1', '6', '1', '2016-08-08 16:20:51', '2016-09-27 17:01:16', '2016-11-16 17:00:37', '2016-11-16 17:00:37');
INSERT INTO `cl_formal_user_version` VALUES ('2', '2', '6', '1', '2016-09-08 16:20:51', null, '2016-11-16 16:44:21', '2016-11-16 16:44:21');
INSERT INTO `cl_formal_user_version` VALUES ('3', '3', '6', '1', '2016-09-18 16:20:51', null, '2016-11-16 16:44:28', '2016-11-16 16:44:28');
INSERT INTO `cl_formal_user_version` VALUES ('4', '4', '6', '1', '2016-09-28 16:20:52', null, '2016-11-16 16:44:44', '2016-11-16 16:44:44');
INSERT INTO `cl_formal_user_version` VALUES ('5', '5', '6', '1', '2016-10-08 16:20:52', null, '2016-11-16 16:44:51', '2016-11-16 16:44:51');
INSERT INTO `cl_formal_user_version` VALUES ('6', '6', '6', '1', '2016-10-18 16:20:53', null, '2016-11-16 16:44:57', '2016-11-16 16:44:57');
INSERT INTO `cl_formal_user_version` VALUES ('7', '7', '6', '1', '2016-10-28 16:20:53', null, '2016-11-16 16:45:02', '2016-11-16 16:45:02');
INSERT INTO `cl_formal_user_version` VALUES ('8', '8', '6', '1', '2016-11-08 16:20:54', null, null, '2016-11-08 16:20:54');
INSERT INTO `cl_formal_user_version` VALUES ('9', '9', '6', '1', '2016-11-18 16:20:54', null, '2016-11-16 16:45:08', '2016-11-16 16:45:08');
INSERT INTO `cl_formal_user_version` VALUES ('10', '10', '6', '1', '2016-11-28 16:20:55', null, '2016-11-16 16:45:13', '2016-11-16 16:45:13');
INSERT INTO `cl_formal_user_version` VALUES ('11', '11', '6', '1', '2016-12-08 16:20:55', null, '2016-11-16 16:45:16', '2016-11-16 16:45:16');
INSERT INTO `cl_formal_user_version` VALUES ('12', '12', '6', '1', '2016-12-18 16:20:56', null, '2016-11-16 16:45:32', '2016-11-16 16:45:32');
INSERT INTO `cl_formal_user_version` VALUES ('13', '13', '6', '1', '2016-12-28 16:20:56', null, '2016-11-16 16:45:41', '2016-11-16 16:45:41');
INSERT INTO `cl_formal_user_version` VALUES ('14', '14', '6', '1', '2017-01-08 16:20:57', null, '2016-11-16 16:45:54', '2016-11-16 16:45:54');
INSERT INTO `cl_formal_user_version` VALUES ('15', '1', '7', '2', '2016-09-28 00:00:00', null, null, '2016-11-17 18:01:27');

-- ----------------------------
-- Table structure for kam_advisor
-- ----------------------------
DROP TABLE IF EXISTS `kam_advisor`;
CREATE TABLE `kam_advisor` (
  `id` bigint(20) NOT NULL AUTO_INCREMENT COMMENT '自动编号',
  `tid` bigint(20) DEFAULT NULL COMMENT '所属团队ID（advisor_team.id）',
  `serial_number` varchar(20) DEFAULT NULL COMMENT '投顾编号',
  `level` varchar(20) DEFAULT NULL COMMENT '投顾级别',
  `system_name` varchar(20) DEFAULT NULL COMMENT '系统登录用户名',
  `actual_name` varchar(20) DEFAULT NULL COMMENT '投顾姓名',
  `phone_number` varchar(20) DEFAULT NULL COMMENT '投顾手机号码',
  `remark` varchar(100) DEFAULT NULL COMMENT '备注信息',
  `mtime` timestamp NULL DEFAULT NULL ON UPDATE CURRENT_TIMESTAMP COMMENT '更新时间',
  `ctime` timestamp NULL DEFAULT CURRENT_TIMESTAMP COMMENT '创建时间',
  PRIMARY KEY (`id`)
) ENGINE=InnoDB AUTO_INCREMENT=14 DEFAULT CHARSET=utf8;

-- ----------------------------
-- Records of kam_advisor
-- ----------------------------
INSERT INTO `kam_advisor` VALUES ('1', '1', 'IC0001', '高级投资顾问-高2', 'zhanghuisheng', '张辉胜', '15021435920', 'zhanghuisheng@evergrande.com', '2016-10-27 15:06:39', '2016-10-26 15:23:11');
INSERT INTO `kam_advisor` VALUES ('2', '2', 'IC0002', '高级投资顾问-高2', 'maohuifang', '毛慧芳', '13817009890', 'maohuifang@evergrande.com', '2016-10-27 15:06:44', '2016-10-26 15:23:11');
INSERT INTO `kam_advisor` VALUES ('3', '3', 'IC0003', '高级投资顾问-高2', 'liuchao', '刘超', '13641892367', 'liuchao@evergrande.com', '2016-10-27 15:06:46', '2016-10-26 15:23:11');
INSERT INTO `kam_advisor` VALUES ('4', '1', 'IC0004', '高级投资顾问-高1', 'zhuchengqing', '朱橙青', '13564344405', 'zhuchengqing@evergrande.com', '2016-10-27 15:06:49', '2016-10-26 15:23:11');
INSERT INTO `kam_advisor` VALUES ('5', '3', 'IC0005', '高级投资顾问-高1', 'zhaoyan', '赵妍', '18964868810', 'zhaoyan@evergrande.com', '2016-10-27 15:06:54', '2016-10-26 15:23:11');
INSERT INTO `kam_advisor` VALUES ('6', '1', 'IC0006', '投资专员-低3', 'heduo', '何朵', '18729531770', 'heduo@evergrande.com', '2016-10-27 15:06:57', '2016-10-26 15:23:11');
INSERT INTO `kam_advisor` VALUES ('7', '2', 'IC0007', '投资专员-低1', 'liuyuxiang', '刘宇翔', '15952595321', 'lxy0709@evergrande.com', '2016-10-27 15:07:01', '2016-10-26 15:23:11');
INSERT INTO `kam_advisor` VALUES ('8', '4', 'IC0008', '无', 'yushuya', '虞舒雅', '15914316325', 'yushuya@evergrande.com', '2016-10-27 15:07:04', '2016-10-26 15:23:11');
INSERT INTO `kam_advisor` VALUES ('9', '4', 'IC0009', '高级投资顾问-高2', 'liweiming', '李伟铭', '18621767183', 'liweiming@evergrande.com', '2016-10-27 15:07:08', '2016-10-26 15:23:11');
INSERT INTO `kam_advisor` VALUES ('10', '2', 'IC0010', '投资顾问-中3', 'wangguanlin', '王冠林', '18221655003', 'wangguanlin@evergrande.com', '2016-10-27 15:07:21', '2016-10-26 15:23:11');
INSERT INTO `kam_advisor` VALUES ('11', '3', 'IC0011', '高级投资顾问-高1', 'jianglingling', '姜玲玲', '18818159906', 'jianglingling@evergrande.com', '2016-11-21 15:02:07', '2016-10-26 15:23:11');
INSERT INTO `kam_advisor` VALUES ('12', '1', 'IC0012', '投资专员-低1', 'wansongyan', '万松焰', '18720968696', 'wansongyan@evergrande.com', '2016-10-27 15:07:26', '2016-10-26 15:23:11');

-- ----------------------------
-- Table structure for kam_advisor_team
-- ----------------------------
DROP TABLE IF EXISTS `kam_advisor_team`;
CREATE TABLE `kam_advisor_team` (
  `id` bigint(20) NOT NULL AUTO_INCREMENT COMMENT '自动编号',
  `team_name` varchar(20) DEFAULT NULL COMMENT '团队名称',
  `team_leader_id` bigint(20) DEFAULT NULL COMMENT '团队长ID（= advisor.id）',
  `total_number` int(10) DEFAULT NULL COMMENT '团队人数',
  `area` varchar(20) DEFAULT NULL COMMENT '区域',
  `remark` varchar(100) DEFAULT NULL COMMENT '备注',
  `mtime` timestamp NULL DEFAULT NULL ON UPDATE CURRENT_TIMESTAMP COMMENT '更新时间',
  `ctime` timestamp NULL DEFAULT CURRENT_TIMESTAMP COMMENT '创建时间',
  PRIMARY KEY (`id`)
) ENGINE=InnoDB AUTO_INCREMENT=104 DEFAULT CHARSET=utf8 ROW_FORMAT=DYNAMIC COMMENT='投资顾问团队';

-- ----------------------------
-- Records of kam_advisor_team
-- ----------------------------
INSERT INTO `kam_advisor_team` VALUES ('1', '恒胜', '1', '4', '上海', '暂无', '2016-10-27 15:02:30', '2016-10-27 14:29:32');
INSERT INTO `kam_advisor_team` VALUES ('2', '恒越', '2', '3', '上海', '暂无', '2016-10-27 15:01:39', '2016-10-27 15:01:17');
INSERT INTO `kam_advisor_team` VALUES ('3', '恒超', '3', '3', '上海', '暂无', '2016-10-27 15:01:41', '2016-10-27 15:01:17');
INSERT INTO `kam_advisor_team` VALUES ('4', '恒赢', '9', '2', '深圳', '暂无', '2016-10-27 15:02:14', '2016-10-27 15:01:17');

-- ----------------------------
-- Table structure for pa_current_sales_scale_accounting
-- ----------------------------
DROP TABLE IF EXISTS `pa_current_sales_scale_accounting`;
CREATE TABLE `pa_current_sales_scale_accounting` (
  `id` bigint(20) NOT NULL AUTO_INCREMENT COMMENT '自动编号',
  `investment_adviser` varchar(20) DEFAULT NULL COMMENT '投资顾问',
  `monthly_purchase_amount` double(20,2) DEFAULT '0.00' COMMENT '当月申购金额（万元）',
  `monthly_purchase_amount_10` double(20,2) DEFAULT '0.00' COMMENT '当月申购金额/10（千元）',
  `monthly_investment_target` double(20,2) DEFAULT '0.00' COMMENT '月投资规模目标（万元）',
  `monthly_performance_limit` double(20,2) DEFAULT '0.00' COMMENT '当月活期业绩上限（万元）',
  `effective_current_sales_scale` double(20,2) DEFAULT '0.00' COMMENT '有效活期销售规模（万元）',
  `deferred_next_month` double(20,2) DEFAULT '0.00' COMMENT '递延下月（万元）',
  `mtime` timestamp NULL DEFAULT NULL ON UPDATE CURRENT_TIMESTAMP COMMENT '更新时间',
  `ctime` timestamp NULL DEFAULT CURRENT_TIMESTAMP COMMENT '创建时间',
  PRIMARY KEY (`id`)
) ENGINE=InnoDB AUTO_INCREMENT=52 DEFAULT CHARSET=utf8 ROW_FORMAT=DYNAMIC COMMENT='[业绩核算]--[活期销售规模核算]--current sales scale accounting';

-- ----------------------------
-- Records of pa_current_sales_scale_accounting
-- ----------------------------
INSERT INTO `pa_current_sales_scale_accounting` VALUES ('1', '1', '1.00', '1.00', '1.00', '1.00', '1.00', '1.00', '2016-11-23 18:30:29', '2016-11-23 18:30:29');
INSERT INTO `pa_current_sales_scale_accounting` VALUES ('2', '2', '2.00', '2.00', '2.00', '2.00', '2.00', '2.00', '2016-11-23 18:30:29', '2016-11-23 18:30:29');
INSERT INTO `pa_current_sales_scale_accounting` VALUES ('3', '3', '3.00', '3.00', '3.00', '3.00', '3.00', '3.00', '2016-11-23 18:30:29', '2016-11-23 18:30:29');
INSERT INTO `pa_current_sales_scale_accounting` VALUES ('4', '4', '4.00', '4.00', '4.00', '4.00', '4.00', '4.00', '2016-11-23 18:30:29', '2016-11-23 18:30:29');
INSERT INTO `pa_current_sales_scale_accounting` VALUES ('5', '5', '5.00', '5.00', '5.00', '5.00', '5.00', '5.00', '2016-11-23 18:30:29', '2016-11-23 18:30:29');
INSERT INTO `pa_current_sales_scale_accounting` VALUES ('6', '6', '6.00', '6.00', '6.00', '6.00', '6.00', '6.00', '2016-11-23 18:30:29', '2016-11-23 18:30:29');
INSERT INTO `pa_current_sales_scale_accounting` VALUES ('7', '7', '7.00', '7.00', '7.00', '7.00', '7.00', '7.00', '2016-11-23 18:30:29', '2016-11-23 18:30:29');
INSERT INTO `pa_current_sales_scale_accounting` VALUES ('8', '8', '8.00', '8.00', '8.00', '8.00', '8.00', '8.00', '2016-11-23 18:30:29', '2016-11-23 18:30:29');
INSERT INTO `pa_current_sales_scale_accounting` VALUES ('9', '9', '9.00', '9.00', '9.00', '9.00', '9.00', '9.00', '2016-11-23 18:30:29', '2016-11-23 18:30:29');
INSERT INTO `pa_current_sales_scale_accounting` VALUES ('10', '10', '10.00', '10.00', '10.00', '10.00', '10.00', '10.00', '2016-11-23 18:30:29', '2016-11-23 18:30:29');
INSERT INTO `pa_current_sales_scale_accounting` VALUES ('11', '11', '11.00', '11.00', '11.00', '11.00', '11.00', '11.00', '2016-11-23 18:30:29', '2016-11-23 18:30:29');
INSERT INTO `pa_current_sales_scale_accounting` VALUES ('12', '12', '12.00', '12.00', '12.00', '12.00', '12.00', '12.00', '2016-11-23 18:30:29', '2016-11-23 18:30:29');
INSERT INTO `pa_current_sales_scale_accounting` VALUES ('13', '13', '13.00', '13.00', '13.00', '13.00', '13.00', '13.00', '2016-11-23 18:30:29', '2016-11-23 18:30:29');
INSERT INTO `pa_current_sales_scale_accounting` VALUES ('14', '14', '14.00', '14.00', '14.00', '14.00', '14.00', '14.00', '2016-11-23 18:30:29', '2016-11-23 18:30:29');
INSERT INTO `pa_current_sales_scale_accounting` VALUES ('15', '15', '15.00', '15.00', '15.00', '15.00', '15.00', '15.00', '2016-11-23 18:30:29', '2016-11-23 18:30:29');
INSERT INTO `pa_current_sales_scale_accounting` VALUES ('16', '16', '16.00', '16.00', '16.00', '16.00', '16.00', '16.00', '2016-11-23 18:30:29', '2016-11-23 18:30:29');
INSERT INTO `pa_current_sales_scale_accounting` VALUES ('17', '17', '17.00', '17.00', '17.00', '17.00', '17.00', '17.00', '2016-11-23 18:30:29', '2016-11-23 18:30:29');
INSERT INTO `pa_current_sales_scale_accounting` VALUES ('18', '18', '18.00', '18.00', '18.00', '18.00', '18.00', '18.00', '2016-11-23 18:30:29', '2016-11-23 18:30:29');
INSERT INTO `pa_current_sales_scale_accounting` VALUES ('19', '19', '19.00', '19.00', '19.00', '19.00', '19.00', '19.00', '2016-11-23 18:30:29', '2016-11-23 18:30:29');
INSERT INTO `pa_current_sales_scale_accounting` VALUES ('20', '20', '20.00', '20.00', '20.00', '20.00', '20.00', '20.00', '2016-11-23 18:30:29', '2016-11-23 18:30:29');
INSERT INTO `pa_current_sales_scale_accounting` VALUES ('21', '21', '21.00', '21.00', '21.00', '21.00', '21.00', '21.00', '2016-11-23 18:30:29', '2016-11-23 18:30:29');
INSERT INTO `pa_current_sales_scale_accounting` VALUES ('22', '22', '22.00', '22.00', '22.00', '22.00', '22.00', '22.00', '2016-11-23 18:30:29', '2016-11-23 18:30:29');
INSERT INTO `pa_current_sales_scale_accounting` VALUES ('23', '23', '23.00', '23.00', '23.00', '23.00', '23.00', '23.00', '2016-11-23 18:30:29', '2016-11-23 18:30:29');
INSERT INTO `pa_current_sales_scale_accounting` VALUES ('24', '24', '24.00', '24.00', '24.00', '24.00', '24.00', '24.00', '2016-11-23 18:30:29', '2016-11-23 18:30:29');
INSERT INTO `pa_current_sales_scale_accounting` VALUES ('25', '25', '25.00', '25.00', '25.00', '25.00', '25.00', '25.00', '2016-11-23 18:30:29', '2016-11-23 18:30:29');
INSERT INTO `pa_current_sales_scale_accounting` VALUES ('26', '26', '26.00', '26.00', '26.00', '26.00', '26.00', '26.00', '2016-11-23 18:30:29', '2016-11-23 18:30:29');
INSERT INTO `pa_current_sales_scale_accounting` VALUES ('27', '27', '27.00', '27.00', '27.00', '27.00', '27.00', '27.00', '2016-11-23 18:30:29', '2016-11-23 18:30:29');
INSERT INTO `pa_current_sales_scale_accounting` VALUES ('28', '28', '28.00', '28.00', '28.00', '28.00', '28.00', '28.00', '2016-11-23 18:30:29', '2016-11-23 18:30:29');
INSERT INTO `pa_current_sales_scale_accounting` VALUES ('29', '29', '29.00', '29.00', '29.00', '29.00', '29.00', '29.00', '2016-11-23 18:30:29', '2016-11-23 18:30:29');
INSERT INTO `pa_current_sales_scale_accounting` VALUES ('30', '30', '30.00', '30.00', '30.00', '30.00', '30.00', '30.00', '2016-11-23 18:30:29', '2016-11-23 18:30:29');
INSERT INTO `pa_current_sales_scale_accounting` VALUES ('31', '31', '31.00', '31.00', '31.00', '31.00', '31.00', '31.00', '2016-11-23 18:30:29', '2016-11-23 18:30:29');
INSERT INTO `pa_current_sales_scale_accounting` VALUES ('32', '32', '32.00', '32.00', '32.00', '32.00', '32.00', '32.00', '2016-11-23 18:30:29', '2016-11-23 18:30:29');
INSERT INTO `pa_current_sales_scale_accounting` VALUES ('33', '33', '33.00', '33.00', '33.00', '33.00', '33.00', '33.00', '2016-11-23 18:30:29', '2016-11-23 18:30:29');
INSERT INTO `pa_current_sales_scale_accounting` VALUES ('34', '34', '34.00', '34.00', '34.00', '34.00', '34.00', '34.00', '2016-11-23 18:30:29', '2016-11-23 18:30:29');
INSERT INTO `pa_current_sales_scale_accounting` VALUES ('35', '35', '35.00', '35.00', '35.00', '35.00', '35.00', '35.00', '2016-11-23 18:30:29', '2016-11-23 18:30:29');
INSERT INTO `pa_current_sales_scale_accounting` VALUES ('36', '36', '36.00', '36.00', '36.00', '36.00', '36.00', '36.00', '2016-11-23 18:30:29', '2016-11-23 18:30:29');
INSERT INTO `pa_current_sales_scale_accounting` VALUES ('37', '37', '37.00', '37.00', '37.00', '37.00', '37.00', '37.00', '2016-11-23 18:30:29', '2016-11-23 18:30:29');
INSERT INTO `pa_current_sales_scale_accounting` VALUES ('38', '38', '38.00', '38.00', '38.00', '38.00', '38.00', '38.00', '2016-11-23 18:30:29', '2016-11-23 18:30:29');
INSERT INTO `pa_current_sales_scale_accounting` VALUES ('39', '39', '39.00', '39.00', '39.00', '39.00', '39.00', '39.00', '2016-11-23 18:30:29', '2016-11-23 18:30:29');
INSERT INTO `pa_current_sales_scale_accounting` VALUES ('40', '40', '40.00', '40.00', '40.00', '40.00', '40.00', '40.00', '2016-11-23 18:30:29', '2016-11-23 18:30:29');
INSERT INTO `pa_current_sales_scale_accounting` VALUES ('41', '41', '41.00', '41.00', '41.00', '41.00', '41.00', '41.00', '2016-11-23 18:30:29', '2016-11-23 18:30:29');
INSERT INTO `pa_current_sales_scale_accounting` VALUES ('42', '42', '42.00', '42.00', '42.00', '42.00', '42.00', '42.00', '2016-11-23 18:30:29', '2016-11-23 18:30:29');
INSERT INTO `pa_current_sales_scale_accounting` VALUES ('43', '43', '43.00', '43.00', '43.00', '43.00', '43.00', '43.00', '2016-11-23 18:30:29', '2016-11-23 18:30:29');
INSERT INTO `pa_current_sales_scale_accounting` VALUES ('44', '44', '44.00', '44.00', '44.00', '44.00', '44.00', '44.00', '2016-11-23 18:30:29', '2016-11-23 18:30:29');
INSERT INTO `pa_current_sales_scale_accounting` VALUES ('45', '45', '45.00', '45.00', '45.00', '45.00', '45.00', '45.00', '2016-11-23 18:30:29', '2016-11-23 18:30:29');
INSERT INTO `pa_current_sales_scale_accounting` VALUES ('46', '46', '46.00', '46.00', '46.00', '46.00', '46.00', '46.00', '2016-11-23 18:30:29', '2016-11-23 18:30:29');
INSERT INTO `pa_current_sales_scale_accounting` VALUES ('47', '47', '47.00', '47.00', '47.00', '47.00', '47.00', '47.00', '2016-11-23 18:30:29', '2016-11-23 18:30:29');
INSERT INTO `pa_current_sales_scale_accounting` VALUES ('48', '48', '48.00', '48.00', '48.00', '48.00', '48.00', '48.00', '2016-11-23 18:30:29', '2016-11-23 18:30:29');
INSERT INTO `pa_current_sales_scale_accounting` VALUES ('49', '49', '49.00', '49.00', '49.00', '49.00', '49.00', '49.00', '2016-11-23 18:30:29', '2016-11-23 18:30:29');
INSERT INTO `pa_current_sales_scale_accounting` VALUES ('50', '50', '50.00', '50.00', '50.00', '50.00', '50.00', '50.00', '2016-11-23 18:30:29', '2016-11-23 18:30:29');
INSERT INTO `pa_current_sales_scale_accounting` VALUES ('51', '51', '51.00', '51.00', '51.00', '51.00', '51.00', '51.00', '2016-11-23 18:30:29', '2016-11-23 18:30:29');

-- ----------------------------
-- Table structure for pa_customers_accounting
-- ----------------------------
DROP TABLE IF EXISTS `pa_customers_accounting`;
CREATE TABLE `pa_customers_accounting` (
  `id` bigint(20) NOT NULL AUTO_INCREMENT COMMENT '自动编号',
  `user_name` varchar(20) DEFAULT NULL COMMENT '客户姓名',
  `phone_number` bigint(20) NOT NULL COMMENT '手机号码',
  `register_date` varchar(20) DEFAULT NULL COMMENT '注册日期',
  `investment_adviser` varchar(20) DEFAULT NULL COMMENT '投资顾问',
  `user_identify` varchar(20) DEFAULT NULL COMMENT '客户标识',
  `if_performance_pool` int(4) DEFAULT NULL COMMENT '是否业绩池（0：不计入，1：计入）',
  `ending_balance` varchar(20) DEFAULT NULL COMMENT '期末AUM（资产总额 as a）',
  `ending_not_less_than_fifty` int(4) DEFAULT '0' COMMENT '期末不小于50万（0：不符合条件，1：符合条件）',
  `buy_amount` varchar(100) DEFAULT NULL COMMENT '投资总额（当月定期投资+活期申购  as b）',
  `beginning_balance` varchar(20) DEFAULT NULL COMMENT '期初AUM（= a - b） as c',
  `beginning_no_greater_than_fifty` int(4) DEFAULT '0' COMMENT '期初不大于50万（0：不符合条件，1：符合条件）',
  `matching_period_initial_value` varchar(20) DEFAULT NULL COMMENT '匹配期初值（上月期初值  as d）',
  `beginning_comparison` varchar(20) DEFAULT NULL COMMENT '期初对比(c = d ? TRUE or FALSE)',
  `difference` varchar(20) DEFAULT NULL COMMENT '差异(c - d 有可能负数)',
  `redemption_order` varchar(20) DEFAULT NULL COMMENT '兑付单（关联定期兑付报表）',
  `revise` varchar(20) DEFAULT NULL COMMENT '修正（TRUE or FALSE）',
  `error_query` varchar(20) DEFAULT NULL COMMENT '差错查询（预留字段）',
  `mtime` timestamp NULL DEFAULT NULL ON UPDATE CURRENT_TIMESTAMP COMMENT '更新时间',
  `ctime` timestamp NULL DEFAULT CURRENT_TIMESTAMP COMMENT '创建时间',
  PRIMARY KEY (`id`)
) ENGINE=InnoDB AUTO_INCREMENT=52 DEFAULT CHARSET=utf8 ROW_FORMAT=DYNAMIC COMMENT='[业绩核算]--[获客数核算]--customers accounting';

-- ----------------------------
-- Records of pa_customers_accounting
-- ----------------------------
INSERT INTO `pa_customers_accounting` VALUES ('1', '1', '1', '1', '1', '1', '1', '1', '1', '1', '1', '1', '1', '1', '1', '1', '1', '1', '2016-11-23 19:35:36', '2016-11-23 19:35:36');
INSERT INTO `pa_customers_accounting` VALUES ('2', '2', '2', '2', '2', '2', '2', '2', '2', '2', '2', '2', '2', '2', '2', '2', '2', '2', '2016-11-23 19:35:36', '2016-11-23 19:35:36');
INSERT INTO `pa_customers_accounting` VALUES ('3', '3', '3', '3', '3', '3', '3', '3', '3', '3', '3', '3', '3', '3', '3', '3', '3', '3', '2016-11-23 19:35:36', '2016-11-23 19:35:36');
INSERT INTO `pa_customers_accounting` VALUES ('4', '4', '4', '4', '4', '4', '4', '4', '4', '4', '4', '4', '4', '4', '4', '4', '4', '4', '2016-11-23 19:35:36', '2016-11-23 19:35:36');
INSERT INTO `pa_customers_accounting` VALUES ('5', '5', '5', '5', '5', '5', '5', '5', '5', '5', '5', '5', '5', '5', '5', '5', '5', '5', '2016-11-23 19:35:36', '2016-11-23 19:35:36');
INSERT INTO `pa_customers_accounting` VALUES ('6', '6', '6', '6', '6', '6', '6', '6', '6', '6', '6', '6', '6', '6', '6', '6', '6', '6', '2016-11-23 19:35:36', '2016-11-23 19:35:36');
INSERT INTO `pa_customers_accounting` VALUES ('7', '7', '7', '7', '7', '7', '7', '7', '7', '7', '7', '7', '7', '7', '7', '7', '7', '7', '2016-11-23 19:35:36', '2016-11-23 19:35:36');
INSERT INTO `pa_customers_accounting` VALUES ('8', '8', '8', '8', '8', '8', '8', '8', '8', '8', '8', '8', '8', '8', '8', '8', '8', '8', '2016-11-23 19:35:36', '2016-11-23 19:35:36');
INSERT INTO `pa_customers_accounting` VALUES ('9', '9', '9', '9', '9', '9', '9', '9', '9', '9', '9', '9', '9', '9', '9', '9', '9', '9', '2016-11-23 19:35:36', '2016-11-23 19:35:36');
INSERT INTO `pa_customers_accounting` VALUES ('10', '10', '10', '10', '10', '10', '10', '10', '10', '10', '10', '10', '10', '10', '10', '10', '10', '10', '2016-11-23 19:35:36', '2016-11-23 19:35:36');
INSERT INTO `pa_customers_accounting` VALUES ('11', '11', '11', '11', '11', '11', '11', '11', '11', '11', '11', '11', '11', '11', '11', '11', '11', '11', '2016-11-23 19:35:36', '2016-11-23 19:35:36');
INSERT INTO `pa_customers_accounting` VALUES ('12', '12', '12', '12', '12', '12', '12', '12', '12', '12', '12', '12', '12', '12', '12', '12', '12', '12', '2016-11-23 19:35:36', '2016-11-23 19:35:36');
INSERT INTO `pa_customers_accounting` VALUES ('13', '13', '13', '13', '13', '13', '13', '13', '13', '13', '13', '13', '13', '13', '13', '13', '13', '13', '2016-11-23 19:35:36', '2016-11-23 19:35:36');
INSERT INTO `pa_customers_accounting` VALUES ('14', '14', '14', '14', '14', '14', '14', '14', '14', '14', '14', '14', '14', '14', '14', '14', '14', '14', '2016-11-23 19:35:36', '2016-11-23 19:35:36');
INSERT INTO `pa_customers_accounting` VALUES ('15', '15', '15', '15', '15', '15', '15', '15', '15', '15', '15', '15', '15', '15', '15', '15', '15', '15', '2016-11-23 19:35:36', '2016-11-23 19:35:36');
INSERT INTO `pa_customers_accounting` VALUES ('16', '16', '16', '16', '16', '16', '16', '16', '16', '16', '16', '16', '16', '16', '16', '16', '16', '16', '2016-11-23 19:35:36', '2016-11-23 19:35:36');
INSERT INTO `pa_customers_accounting` VALUES ('17', '17', '17', '17', '17', '17', '17', '17', '17', '17', '17', '17', '17', '17', '17', '17', '17', '17', '2016-11-23 19:35:36', '2016-11-23 19:35:36');
INSERT INTO `pa_customers_accounting` VALUES ('18', '18', '18', '18', '18', '18', '18', '18', '18', '18', '18', '18', '18', '18', '18', '18', '18', '18', '2016-11-23 19:35:36', '2016-11-23 19:35:36');
INSERT INTO `pa_customers_accounting` VALUES ('19', '19', '19', '19', '19', '19', '19', '19', '19', '19', '19', '19', '19', '19', '19', '19', '19', '19', '2016-11-23 19:35:36', '2016-11-23 19:35:36');
INSERT INTO `pa_customers_accounting` VALUES ('20', '20', '20', '20', '20', '20', '20', '20', '20', '20', '20', '20', '20', '20', '20', '20', '20', '20', '2016-11-23 19:35:36', '2016-11-23 19:35:36');
INSERT INTO `pa_customers_accounting` VALUES ('21', '21', '21', '21', '21', '21', '21', '21', '21', '21', '21', '21', '21', '21', '21', '21', '21', '21', '2016-11-23 19:35:36', '2016-11-23 19:35:36');
INSERT INTO `pa_customers_accounting` VALUES ('22', '22', '22', '22', '22', '22', '22', '22', '22', '22', '22', '22', '22', '22', '22', '22', '22', '22', '2016-11-23 19:35:36', '2016-11-23 19:35:36');
INSERT INTO `pa_customers_accounting` VALUES ('23', '23', '23', '23', '23', '23', '23', '23', '23', '23', '23', '23', '23', '23', '23', '23', '23', '23', '2016-11-23 19:35:36', '2016-11-23 19:35:36');
INSERT INTO `pa_customers_accounting` VALUES ('24', '24', '24', '24', '24', '24', '24', '24', '24', '24', '24', '24', '24', '24', '24', '24', '24', '24', '2016-11-23 19:35:36', '2016-11-23 19:35:36');
INSERT INTO `pa_customers_accounting` VALUES ('25', '25', '25', '25', '25', '25', '25', '25', '25', '25', '25', '25', '25', '25', '25', '25', '25', '25', '2016-11-23 19:35:36', '2016-11-23 19:35:36');
INSERT INTO `pa_customers_accounting` VALUES ('26', '26', '26', '26', '26', '26', '26', '26', '26', '26', '26', '26', '26', '26', '26', '26', '26', '26', '2016-11-23 19:35:36', '2016-11-23 19:35:36');
INSERT INTO `pa_customers_accounting` VALUES ('27', '27', '27', '27', '27', '27', '27', '27', '27', '27', '27', '27', '27', '27', '27', '27', '27', '27', '2016-11-23 19:35:36', '2016-11-23 19:35:36');
INSERT INTO `pa_customers_accounting` VALUES ('28', '28', '28', '28', '28', '28', '28', '28', '28', '28', '28', '28', '28', '28', '28', '28', '28', '28', '2016-11-23 19:35:36', '2016-11-23 19:35:36');
INSERT INTO `pa_customers_accounting` VALUES ('29', '29', '29', '29', '29', '29', '29', '29', '29', '29', '29', '29', '29', '29', '29', '29', '29', '29', '2016-11-23 19:35:36', '2016-11-23 19:35:36');
INSERT INTO `pa_customers_accounting` VALUES ('30', '30', '30', '30', '30', '30', '30', '30', '30', '30', '30', '30', '30', '30', '30', '30', '30', '30', '2016-11-23 19:35:36', '2016-11-23 19:35:36');
INSERT INTO `pa_customers_accounting` VALUES ('31', '31', '31', '31', '31', '31', '31', '31', '31', '31', '31', '31', '31', '31', '31', '31', '31', '31', '2016-11-23 19:35:36', '2016-11-23 19:35:36');
INSERT INTO `pa_customers_accounting` VALUES ('32', '32', '32', '32', '32', '32', '32', '32', '32', '32', '32', '32', '32', '32', '32', '32', '32', '32', '2016-11-23 19:35:36', '2016-11-23 19:35:36');
INSERT INTO `pa_customers_accounting` VALUES ('33', '33', '33', '33', '33', '33', '33', '33', '33', '33', '33', '33', '33', '33', '33', '33', '33', '33', '2016-11-23 19:35:36', '2016-11-23 19:35:36');
INSERT INTO `pa_customers_accounting` VALUES ('34', '34', '34', '34', '34', '34', '34', '34', '34', '34', '34', '34', '34', '34', '34', '34', '34', '34', '2016-11-23 19:35:36', '2016-11-23 19:35:36');
INSERT INTO `pa_customers_accounting` VALUES ('35', '35', '35', '35', '35', '35', '35', '35', '35', '35', '35', '35', '35', '35', '35', '35', '35', '35', '2016-11-23 19:35:36', '2016-11-23 19:35:36');
INSERT INTO `pa_customers_accounting` VALUES ('36', '36', '36', '36', '36', '36', '36', '36', '36', '36', '36', '36', '36', '36', '36', '36', '36', '36', '2016-11-23 19:35:36', '2016-11-23 19:35:36');
INSERT INTO `pa_customers_accounting` VALUES ('37', '37', '37', '37', '37', '37', '37', '37', '37', '37', '37', '37', '37', '37', '37', '37', '37', '37', '2016-11-23 19:35:36', '2016-11-23 19:35:36');
INSERT INTO `pa_customers_accounting` VALUES ('38', '38', '38', '38', '38', '38', '38', '38', '38', '38', '38', '38', '38', '38', '38', '38', '38', '38', '2016-11-23 19:35:36', '2016-11-23 19:35:36');
INSERT INTO `pa_customers_accounting` VALUES ('39', '39', '39', '39', '39', '39', '39', '39', '39', '39', '39', '39', '39', '39', '39', '39', '39', '39', '2016-11-23 19:35:36', '2016-11-23 19:35:36');
INSERT INTO `pa_customers_accounting` VALUES ('40', '40', '40', '40', '40', '40', '40', '40', '40', '40', '40', '40', '40', '40', '40', '40', '40', '40', '2016-11-23 19:35:36', '2016-11-23 19:35:36');
INSERT INTO `pa_customers_accounting` VALUES ('41', '41', '41', '41', '41', '41', '41', '41', '41', '41', '41', '41', '41', '41', '41', '41', '41', '41', '2016-11-23 19:35:36', '2016-11-23 19:35:36');
INSERT INTO `pa_customers_accounting` VALUES ('42', '42', '42', '42', '42', '42', '42', '42', '42', '42', '42', '42', '42', '42', '42', '42', '42', '42', '2016-11-23 19:35:36', '2016-11-23 19:35:36');
INSERT INTO `pa_customers_accounting` VALUES ('43', '43', '43', '43', '43', '43', '43', '43', '43', '43', '43', '43', '43', '43', '43', '43', '43', '43', '2016-11-23 19:35:36', '2016-11-23 19:35:36');
INSERT INTO `pa_customers_accounting` VALUES ('44', '44', '44', '44', '44', '44', '44', '44', '44', '44', '44', '44', '44', '44', '44', '44', '44', '44', '2016-11-23 19:35:36', '2016-11-23 19:35:36');
INSERT INTO `pa_customers_accounting` VALUES ('45', '45', '45', '45', '45', '45', '45', '45', '45', '45', '45', '45', '45', '45', '45', '45', '45', '45', '2016-11-23 19:35:36', '2016-11-23 19:35:36');
INSERT INTO `pa_customers_accounting` VALUES ('46', '46', '46', '46', '46', '46', '46', '46', '46', '46', '46', '46', '46', '46', '46', '46', '46', '46', '2016-11-23 19:35:36', '2016-11-23 19:35:36');
INSERT INTO `pa_customers_accounting` VALUES ('47', '47', '47', '47', '47', '47', '47', '47', '47', '47', '47', '47', '47', '47', '47', '47', '47', '47', '2016-11-23 19:35:36', '2016-11-23 19:35:36');
INSERT INTO `pa_customers_accounting` VALUES ('48', '48', '48', '48', '48', '48', '48', '48', '48', '48', '48', '48', '48', '48', '48', '48', '48', '48', '2016-11-23 19:35:36', '2016-11-23 19:35:36');
INSERT INTO `pa_customers_accounting` VALUES ('49', '49', '49', '49', '49', '49', '49', '49', '49', '49', '49', '49', '49', '49', '49', '49', '49', '49', '2016-11-23 19:35:36', '2016-11-23 19:35:36');
INSERT INTO `pa_customers_accounting` VALUES ('50', '50', '50', '50', '50', '50', '50', '50', '50', '50', '50', '50', '50', '50', '50', '50', '50', '50', '2016-11-23 19:35:36', '2016-11-23 19:35:36');
INSERT INTO `pa_customers_accounting` VALUES ('51', '51', '51', '51', '51', '51', '51', '51', '51', '51', '51', '51', '51', '51', '51', '51', '51', '51', '2016-11-23 19:35:36', '2016-11-23 19:35:36');

-- ----------------------------
-- Table structure for pa_regular_sales_scale_accounting
-- ----------------------------
DROP TABLE IF EXISTS `pa_regular_sales_scale_accounting`;
CREATE TABLE `pa_regular_sales_scale_accounting` (
  `id` bigint(20) NOT NULL AUTO_INCREMENT COMMENT '自动编号',
  `user_name` varchar(20) DEFAULT NULL COMMENT '客户姓名',
  `phone_number` bigint(20) NOT NULL COMMENT '手机号码',
  `referrer` varchar(20) DEFAULT NULL COMMENT '扫码推荐人',
  `rebate_expiration_date` varchar(20) DEFAULT NULL COMMENT '返利失效日期',
  `report_or_allot` varchar(20) DEFAULT NULL COMMENT '上报/分配',
  `report_or_allot_date` varchar(20) DEFAULT NULL COMMENT '上报/分配时间',
  `investment_adviser` varchar(20) DEFAULT NULL COMMENT '投资顾问',
  `user_identify` varchar(20) DEFAULT NULL COMMENT '客户标识',
  `basic_product_name` varchar(50) DEFAULT NULL COMMENT '基础产品名称（定期）',
  `investment_amount` varchar(20) DEFAULT NULL COMMENT '投资金额',
  `regular_assets_total` varchar(20) DEFAULT NULL COMMENT '现有资产---当前定期AUM（资产总额）',
  `investment_date` varchar(20) DEFAULT NULL COMMENT '购买时间 0000-00-00 00:00:00',
  `partition_coefficient` int(4) DEFAULT '0' COMMENT '分配系数',
  `performance_pool_coefficient` int(4) DEFAULT '0' COMMENT '业绩池系数',
  `product_coefficient` int(4) DEFAULT '0' COMMENT '产品系数',
  `effective_sales_amount` double(20,2) DEFAULT '0.00' COMMENT '有效销售金额（单位：元）',
  `mtime` timestamp NULL DEFAULT NULL ON UPDATE CURRENT_TIMESTAMP COMMENT '更新时间',
  `ctime` timestamp NULL DEFAULT CURRENT_TIMESTAMP COMMENT '创建时间',
  PRIMARY KEY (`id`)
) ENGINE=InnoDB AUTO_INCREMENT=52 DEFAULT CHARSET=utf8 ROW_FORMAT=DYNAMIC COMMENT='[业绩核算]--[定期销售规模核算]--regular sales scale accounting';

-- ----------------------------
-- Records of pa_regular_sales_scale_accounting
-- ----------------------------
INSERT INTO `pa_regular_sales_scale_accounting` VALUES ('1', '1', '1', '1', '1', '1', '1', '1', '1', '1', '1', '1', '1', '1', '1', '1', '1.00', '2016-11-23 17:49:08', '2016-11-23 17:49:08');
INSERT INTO `pa_regular_sales_scale_accounting` VALUES ('2', '2', '2', '2', '2', '2', '2', '2', '2', '2', '2', '2', '2', '2', '2', '2', '2.00', '2016-11-23 17:49:08', '2016-11-23 17:49:08');
INSERT INTO `pa_regular_sales_scale_accounting` VALUES ('3', '3', '3', '3', '3', '3', '3', '3', '3', '3', '3', '3', '3', '3', '3', '3', '3.00', '2016-11-23 17:49:08', '2016-11-23 17:49:08');
INSERT INTO `pa_regular_sales_scale_accounting` VALUES ('4', '4', '4', '4', '4', '4', '4', '4', '4', '4', '4', '4', '4', '4', '4', '4', '4.00', '2016-11-23 17:49:08', '2016-11-23 17:49:08');
INSERT INTO `pa_regular_sales_scale_accounting` VALUES ('5', '5', '5', '5', '5', '5', '5', '5', '5', '5', '5', '5', '5', '5', '5', '5', '5.00', '2016-11-23 17:49:08', '2016-11-23 17:49:08');
INSERT INTO `pa_regular_sales_scale_accounting` VALUES ('6', '6', '6', '6', '6', '6', '6', '6', '6', '6', '6', '6', '6', '6', '6', '6', '6.00', '2016-11-23 17:49:08', '2016-11-23 17:49:08');
INSERT INTO `pa_regular_sales_scale_accounting` VALUES ('7', '7', '7', '7', '7', '7', '7', '7', '7', '7', '7', '7', '7', '7', '7', '7', '7.00', '2016-11-23 17:49:08', '2016-11-23 17:49:08');
INSERT INTO `pa_regular_sales_scale_accounting` VALUES ('8', '8', '8', '8', '8', '8', '8', '8', '8', '8', '8', '8', '8', '8', '8', '8', '8.00', '2016-11-23 17:49:08', '2016-11-23 17:49:08');
INSERT INTO `pa_regular_sales_scale_accounting` VALUES ('9', '9', '9', '9', '9', '9', '9', '9', '9', '9', '9', '9', '9', '9', '9', '9', '9.00', '2016-11-23 17:49:08', '2016-11-23 17:49:08');
INSERT INTO `pa_regular_sales_scale_accounting` VALUES ('10', '10', '10', '10', '10', '10', '10', '10', '10', '10', '10', '10', '10', '10', '10', '10', '10.00', '2016-11-23 17:49:08', '2016-11-23 17:49:08');
INSERT INTO `pa_regular_sales_scale_accounting` VALUES ('11', '11', '11', '11', '11', '11', '11', '11', '11', '11', '11', '11', '11', '11', '11', '11', '11.00', '2016-11-23 17:49:08', '2016-11-23 17:49:08');
INSERT INTO `pa_regular_sales_scale_accounting` VALUES ('12', '12', '12', '12', '12', '12', '12', '12', '12', '12', '12', '12', '12', '12', '12', '12', '12.00', '2016-11-23 17:49:08', '2016-11-23 17:49:08');
INSERT INTO `pa_regular_sales_scale_accounting` VALUES ('13', '13', '13', '13', '13', '13', '13', '13', '13', '13', '13', '13', '13', '13', '13', '13', '13.00', '2016-11-23 17:49:08', '2016-11-23 17:49:08');
INSERT INTO `pa_regular_sales_scale_accounting` VALUES ('14', '14', '14', '14', '14', '14', '14', '14', '14', '14', '14', '14', '14', '14', '14', '14', '14.00', '2016-11-23 17:49:08', '2016-11-23 17:49:08');
INSERT INTO `pa_regular_sales_scale_accounting` VALUES ('15', '15', '15', '15', '15', '15', '15', '15', '15', '15', '15', '15', '15', '15', '15', '15', '15.00', '2016-11-23 17:49:08', '2016-11-23 17:49:08');
INSERT INTO `pa_regular_sales_scale_accounting` VALUES ('16', '16', '16', '16', '16', '16', '16', '16', '16', '16', '16', '16', '16', '16', '16', '16', '16.00', '2016-11-23 17:49:08', '2016-11-23 17:49:08');
INSERT INTO `pa_regular_sales_scale_accounting` VALUES ('17', '17', '17', '17', '17', '17', '17', '17', '17', '17', '17', '17', '17', '17', '17', '17', '17.00', '2016-11-23 17:49:08', '2016-11-23 17:49:08');
INSERT INTO `pa_regular_sales_scale_accounting` VALUES ('18', '18', '18', '18', '18', '18', '18', '18', '18', '18', '18', '18', '18', '18', '18', '18', '18.00', '2016-11-23 17:49:08', '2016-11-23 17:49:08');
INSERT INTO `pa_regular_sales_scale_accounting` VALUES ('19', '19', '19', '19', '19', '19', '19', '19', '19', '19', '19', '19', '19', '19', '19', '19', '19.00', '2016-11-23 17:49:08', '2016-11-23 17:49:08');
INSERT INTO `pa_regular_sales_scale_accounting` VALUES ('20', '20', '20', '20', '20', '20', '20', '20', '20', '20', '20', '20', '20', '20', '20', '20', '20.00', '2016-11-23 17:49:08', '2016-11-23 17:49:08');
INSERT INTO `pa_regular_sales_scale_accounting` VALUES ('21', '21', '21', '21', '21', '21', '21', '21', '21', '21', '21', '21', '21', '21', '21', '21', '21.00', '2016-11-23 17:49:08', '2016-11-23 17:49:08');
INSERT INTO `pa_regular_sales_scale_accounting` VALUES ('22', '22', '22', '22', '22', '22', '22', '22', '22', '22', '22', '22', '22', '22', '22', '22', '22.00', '2016-11-23 17:49:08', '2016-11-23 17:49:08');
INSERT INTO `pa_regular_sales_scale_accounting` VALUES ('23', '23', '23', '23', '23', '23', '23', '23', '23', '23', '23', '23', '23', '23', '23', '23', '23.00', '2016-11-23 17:49:08', '2016-11-23 17:49:08');
INSERT INTO `pa_regular_sales_scale_accounting` VALUES ('24', '24', '24', '24', '24', '24', '24', '24', '24', '24', '24', '24', '24', '24', '24', '24', '24.00', '2016-11-23 17:49:08', '2016-11-23 17:49:08');
INSERT INTO `pa_regular_sales_scale_accounting` VALUES ('25', '25', '25', '25', '25', '25', '25', '25', '25', '25', '25', '25', '25', '25', '25', '25', '25.00', '2016-11-23 17:49:08', '2016-11-23 17:49:08');
INSERT INTO `pa_regular_sales_scale_accounting` VALUES ('26', '26', '26', '26', '26', '26', '26', '26', '26', '26', '26', '26', '26', '26', '26', '26', '26.00', '2016-11-23 17:49:08', '2016-11-23 17:49:08');
INSERT INTO `pa_regular_sales_scale_accounting` VALUES ('27', '27', '27', '27', '27', '27', '27', '27', '27', '27', '27', '27', '27', '27', '27', '27', '27.00', '2016-11-23 17:49:08', '2016-11-23 17:49:08');
INSERT INTO `pa_regular_sales_scale_accounting` VALUES ('28', '28', '28', '28', '28', '28', '28', '28', '28', '28', '28', '28', '28', '28', '28', '28', '28.00', '2016-11-23 17:49:08', '2016-11-23 17:49:08');
INSERT INTO `pa_regular_sales_scale_accounting` VALUES ('29', '29', '29', '29', '29', '29', '29', '29', '29', '29', '29', '29', '29', '29', '29', '29', '29.00', '2016-11-23 17:49:08', '2016-11-23 17:49:08');
INSERT INTO `pa_regular_sales_scale_accounting` VALUES ('30', '30', '30', '30', '30', '30', '30', '30', '30', '30', '30', '30', '30', '30', '30', '30', '30.00', '2016-11-23 17:49:08', '2016-11-23 17:49:08');
INSERT INTO `pa_regular_sales_scale_accounting` VALUES ('31', '31', '31', '31', '31', '31', '31', '31', '31', '31', '31', '31', '31', '31', '31', '31', '31.00', '2016-11-23 17:49:08', '2016-11-23 17:49:08');
INSERT INTO `pa_regular_sales_scale_accounting` VALUES ('32', '32', '32', '32', '32', '32', '32', '32', '32', '32', '32', '32', '32', '32', '32', '32', '32.00', '2016-11-23 17:49:08', '2016-11-23 17:49:08');
INSERT INTO `pa_regular_sales_scale_accounting` VALUES ('33', '33', '33', '33', '33', '33', '33', '33', '33', '33', '33', '33', '33', '33', '33', '33', '33.00', '2016-11-23 17:49:08', '2016-11-23 17:49:08');
INSERT INTO `pa_regular_sales_scale_accounting` VALUES ('34', '34', '34', '34', '34', '34', '34', '34', '34', '34', '34', '34', '34', '34', '34', '34', '34.00', '2016-11-23 17:49:08', '2016-11-23 17:49:08');
INSERT INTO `pa_regular_sales_scale_accounting` VALUES ('35', '35', '35', '35', '35', '35', '35', '35', '35', '35', '35', '35', '35', '35', '35', '35', '35.00', '2016-11-23 17:49:08', '2016-11-23 17:49:08');
INSERT INTO `pa_regular_sales_scale_accounting` VALUES ('36', '36', '36', '36', '36', '36', '36', '36', '36', '36', '36', '36', '36', '36', '36', '36', '36.00', '2016-11-23 17:49:08', '2016-11-23 17:49:08');
INSERT INTO `pa_regular_sales_scale_accounting` VALUES ('37', '37', '37', '37', '37', '37', '37', '37', '37', '37', '37', '37', '37', '37', '37', '37', '37.00', '2016-11-23 17:49:08', '2016-11-23 17:49:08');
INSERT INTO `pa_regular_sales_scale_accounting` VALUES ('38', '38', '38', '38', '38', '38', '38', '38', '38', '38', '38', '38', '38', '38', '38', '38', '38.00', '2016-11-23 17:49:08', '2016-11-23 17:49:08');
INSERT INTO `pa_regular_sales_scale_accounting` VALUES ('39', '39', '39', '39', '39', '39', '39', '39', '39', '39', '39', '39', '39', '39', '39', '39', '39.00', '2016-11-23 17:49:08', '2016-11-23 17:49:08');
INSERT INTO `pa_regular_sales_scale_accounting` VALUES ('40', '40', '40', '40', '40', '40', '40', '40', '40', '40', '40', '40', '40', '40', '40', '40', '40.00', '2016-11-23 17:49:08', '2016-11-23 17:49:08');
INSERT INTO `pa_regular_sales_scale_accounting` VALUES ('41', '41', '41', '41', '41', '41', '41', '41', '41', '41', '41', '41', '41', '41', '41', '41', '41.00', '2016-11-23 17:49:08', '2016-11-23 17:49:08');
INSERT INTO `pa_regular_sales_scale_accounting` VALUES ('42', '42', '42', '42', '42', '42', '42', '42', '42', '42', '42', '42', '42', '42', '42', '42', '42.00', '2016-11-23 17:49:08', '2016-11-23 17:49:08');
INSERT INTO `pa_regular_sales_scale_accounting` VALUES ('43', '43', '43', '43', '43', '43', '43', '43', '43', '43', '43', '43', '43', '43', '43', '43', '43.00', '2016-11-23 17:49:08', '2016-11-23 17:49:08');
INSERT INTO `pa_regular_sales_scale_accounting` VALUES ('44', '44', '44', '44', '44', '44', '44', '44', '44', '44', '44', '44', '44', '44', '44', '44', '44.00', '2016-11-23 17:49:08', '2016-11-23 17:49:08');
INSERT INTO `pa_regular_sales_scale_accounting` VALUES ('45', '45', '45', '45', '45', '45', '45', '45', '45', '45', '45', '45', '45', '45', '45', '45', '45.00', '2016-11-23 17:49:08', '2016-11-23 17:49:08');
INSERT INTO `pa_regular_sales_scale_accounting` VALUES ('46', '46', '46', '46', '46', '46', '46', '46', '46', '46', '46', '46', '46', '46', '46', '46', '46.00', '2016-11-23 17:49:08', '2016-11-23 17:49:08');
INSERT INTO `pa_regular_sales_scale_accounting` VALUES ('47', '47', '47', '47', '47', '47', '47', '47', '47', '47', '47', '47', '47', '47', '47', '47', '47.00', '2016-11-23 17:49:08', '2016-11-23 17:49:08');
INSERT INTO `pa_regular_sales_scale_accounting` VALUES ('48', '48', '48', '48', '48', '48', '48', '48', '48', '48', '48', '48', '48', '48', '48', '48', '48.00', '2016-11-23 17:49:08', '2016-11-23 17:49:08');
INSERT INTO `pa_regular_sales_scale_accounting` VALUES ('49', '49', '49', '49', '49', '49', '49', '49', '49', '49', '49', '49', '49', '49', '49', '49', '49.00', '2016-11-23 17:49:08', '2016-11-23 17:49:08');
INSERT INTO `pa_regular_sales_scale_accounting` VALUES ('50', '50', '50', '50', '50', '50', '50', '50', '50', '50', '50', '50', '50', '50', '50', '50', '50.00', '2016-11-23 17:49:08', '2016-11-23 17:49:08');
INSERT INTO `pa_regular_sales_scale_accounting` VALUES ('51', '51', '51', '51', '51', '51', '51', '51', '51', '51', '51', '51', '51', '51', '51', '51', '51.00', '2016-11-23 17:49:08', '2016-11-23 17:49:08');

-- ----------------------------
-- Table structure for pr_constitute_customer
-- ----------------------------
DROP TABLE IF EXISTS `pr_constitute_customer`;
CREATE TABLE `pr_constitute_customer` (
  `id` bigint(20) NOT NULL AUTO_INCREMENT COMMENT '自动编号',
  `investment_advisor` varchar(20) DEFAULT NULL COMMENT '投资顾问',
  `performance_customers_number` varchar(20) DEFAULT NULL COMMENT '计入业绩客户数',
  `pure_new_vip_customers` varchar(20) DEFAULT NULL COMMENT '纯新增vip客户数',
  `reported_customers_number` varchar(20) DEFAULT NULL COMMENT '上报客户数',
  `allot_customers_number` varchar(20) DEFAULT NULL COMMENT '分配客户数',
  `weekly_get_customers_number` varchar(20) DEFAULT NULL COMMENT '本周获客数',
  `current_vip_customers_number` varchar(20) DEFAULT NULL COMMENT '当前vip客户数',
  `mtime` timestamp NULL DEFAULT NULL ON UPDATE CURRENT_TIMESTAMP COMMENT '更新时间',
  `ctime` timestamp NULL DEFAULT CURRENT_TIMESTAMP COMMENT '创建时间',
  PRIMARY KEY (`id`)
) ENGINE=InnoDB AUTO_INCREMENT=52 DEFAULT CHARSET=utf8 ROW_FORMAT=DYNAMIC COMMENT='[业绩报表]--[获客构成]--constitute customer';

-- ----------------------------
-- Records of pr_constitute_customer
-- ----------------------------
INSERT INTO `pr_constitute_customer` VALUES ('1', '1', '1', '1', '1', '1', '1', '1', '2016-11-23 16:24:54', '2016-11-23 16:24:54');
INSERT INTO `pr_constitute_customer` VALUES ('2', '2', '2', '2', '2', '2', '2', '2', '2016-11-23 16:24:54', '2016-11-23 16:24:54');
INSERT INTO `pr_constitute_customer` VALUES ('3', '3', '3', '3', '3', '3', '3', '3', '2016-11-23 16:24:54', '2016-11-23 16:24:54');
INSERT INTO `pr_constitute_customer` VALUES ('4', '4', '4', '4', '4', '4', '4', '4', '2016-11-23 16:24:54', '2016-11-23 16:24:54');
INSERT INTO `pr_constitute_customer` VALUES ('5', '5', '5', '5', '5', '5', '5', '5', '2016-11-23 16:24:54', '2016-11-23 16:24:54');
INSERT INTO `pr_constitute_customer` VALUES ('6', '6', '6', '6', '6', '6', '6', '6', '2016-11-23 16:24:54', '2016-11-23 16:24:54');
INSERT INTO `pr_constitute_customer` VALUES ('7', '7', '7', '7', '7', '7', '7', '7', '2016-11-23 16:24:54', '2016-11-23 16:24:54');
INSERT INTO `pr_constitute_customer` VALUES ('8', '8', '8', '8', '8', '8', '8', '8', '2016-11-23 16:24:54', '2016-11-23 16:24:54');
INSERT INTO `pr_constitute_customer` VALUES ('9', '9', '9', '9', '9', '9', '9', '9', '2016-11-23 16:24:54', '2016-11-23 16:24:54');
INSERT INTO `pr_constitute_customer` VALUES ('10', '10', '10', '10', '10', '10', '10', '10', '2016-11-23 16:24:54', '2016-11-23 16:24:54');
INSERT INTO `pr_constitute_customer` VALUES ('11', '11', '11', '11', '11', '11', '11', '11', '2016-11-23 16:24:54', '2016-11-23 16:24:54');
INSERT INTO `pr_constitute_customer` VALUES ('12', '12', '12', '12', '12', '12', '12', '12', '2016-11-23 16:24:54', '2016-11-23 16:24:54');
INSERT INTO `pr_constitute_customer` VALUES ('13', '13', '13', '13', '13', '13', '13', '13', '2016-11-23 16:24:54', '2016-11-23 16:24:54');
INSERT INTO `pr_constitute_customer` VALUES ('14', '14', '14', '14', '14', '14', '14', '14', '2016-11-23 16:24:54', '2016-11-23 16:24:54');
INSERT INTO `pr_constitute_customer` VALUES ('15', '15', '15', '15', '15', '15', '15', '15', '2016-11-23 16:24:54', '2016-11-23 16:24:54');
INSERT INTO `pr_constitute_customer` VALUES ('16', '16', '16', '16', '16', '16', '16', '16', '2016-11-23 16:24:54', '2016-11-23 16:24:54');
INSERT INTO `pr_constitute_customer` VALUES ('17', '17', '17', '17', '17', '17', '17', '17', '2016-11-23 16:24:54', '2016-11-23 16:24:54');
INSERT INTO `pr_constitute_customer` VALUES ('18', '18', '18', '18', '18', '18', '18', '18', '2016-11-23 16:24:54', '2016-11-23 16:24:54');
INSERT INTO `pr_constitute_customer` VALUES ('19', '19', '19', '19', '19', '19', '19', '19', '2016-11-23 16:24:54', '2016-11-23 16:24:54');
INSERT INTO `pr_constitute_customer` VALUES ('20', '20', '20', '20', '20', '20', '20', '20', '2016-11-23 16:24:54', '2016-11-23 16:24:54');
INSERT INTO `pr_constitute_customer` VALUES ('21', '21', '21', '21', '21', '21', '21', '21', '2016-11-23 16:24:54', '2016-11-23 16:24:54');
INSERT INTO `pr_constitute_customer` VALUES ('22', '22', '22', '22', '22', '22', '22', '22', '2016-11-23 16:24:54', '2016-11-23 16:24:54');
INSERT INTO `pr_constitute_customer` VALUES ('23', '23', '23', '23', '23', '23', '23', '23', '2016-11-23 16:24:54', '2016-11-23 16:24:54');
INSERT INTO `pr_constitute_customer` VALUES ('24', '24', '24', '24', '24', '24', '24', '24', '2016-11-23 16:24:54', '2016-11-23 16:24:54');
INSERT INTO `pr_constitute_customer` VALUES ('25', '25', '25', '25', '25', '25', '25', '25', '2016-11-23 16:24:54', '2016-11-23 16:24:54');
INSERT INTO `pr_constitute_customer` VALUES ('26', '26', '26', '26', '26', '26', '26', '26', '2016-11-23 16:24:54', '2016-11-23 16:24:54');
INSERT INTO `pr_constitute_customer` VALUES ('27', '27', '27', '27', '27', '27', '27', '27', '2016-11-23 16:24:54', '2016-11-23 16:24:54');
INSERT INTO `pr_constitute_customer` VALUES ('28', '28', '28', '28', '28', '28', '28', '28', '2016-11-23 16:24:54', '2016-11-23 16:24:54');
INSERT INTO `pr_constitute_customer` VALUES ('29', '29', '29', '29', '29', '29', '29', '29', '2016-11-23 16:24:54', '2016-11-23 16:24:54');
INSERT INTO `pr_constitute_customer` VALUES ('30', '30', '30', '30', '30', '30', '30', '30', '2016-11-23 16:24:54', '2016-11-23 16:24:54');
INSERT INTO `pr_constitute_customer` VALUES ('31', '31', '31', '31', '31', '31', '31', '31', '2016-11-23 16:24:54', '2016-11-23 16:24:54');
INSERT INTO `pr_constitute_customer` VALUES ('32', '32', '32', '32', '32', '32', '32', '32', '2016-11-23 16:24:54', '2016-11-23 16:24:54');
INSERT INTO `pr_constitute_customer` VALUES ('33', '33', '33', '33', '33', '33', '33', '33', '2016-11-23 16:24:54', '2016-11-23 16:24:54');
INSERT INTO `pr_constitute_customer` VALUES ('34', '34', '34', '34', '34', '34', '34', '34', '2016-11-23 16:24:54', '2016-11-23 16:24:54');
INSERT INTO `pr_constitute_customer` VALUES ('35', '35', '35', '35', '35', '35', '35', '35', '2016-11-23 16:24:54', '2016-11-23 16:24:54');
INSERT INTO `pr_constitute_customer` VALUES ('36', '36', '36', '36', '36', '36', '36', '36', '2016-11-23 16:24:54', '2016-11-23 16:24:54');
INSERT INTO `pr_constitute_customer` VALUES ('37', '37', '37', '37', '37', '37', '37', '37', '2016-11-23 16:24:54', '2016-11-23 16:24:54');
INSERT INTO `pr_constitute_customer` VALUES ('38', '38', '38', '38', '38', '38', '38', '38', '2016-11-23 16:24:54', '2016-11-23 16:24:54');
INSERT INTO `pr_constitute_customer` VALUES ('39', '39', '39', '39', '39', '39', '39', '39', '2016-11-23 16:24:54', '2016-11-23 16:24:54');
INSERT INTO `pr_constitute_customer` VALUES ('40', '40', '40', '40', '40', '40', '40', '40', '2016-11-23 16:24:54', '2016-11-23 16:24:54');
INSERT INTO `pr_constitute_customer` VALUES ('41', '41', '41', '41', '41', '41', '41', '41', '2016-11-23 16:24:54', '2016-11-23 16:24:54');
INSERT INTO `pr_constitute_customer` VALUES ('42', '42', '42', '42', '42', '42', '42', '42', '2016-11-23 16:24:54', '2016-11-23 16:24:54');
INSERT INTO `pr_constitute_customer` VALUES ('43', '43', '43', '43', '43', '43', '43', '43', '2016-11-23 16:24:54', '2016-11-23 16:24:54');
INSERT INTO `pr_constitute_customer` VALUES ('44', '44', '44', '44', '44', '44', '44', '44', '2016-11-23 16:24:54', '2016-11-23 16:24:54');
INSERT INTO `pr_constitute_customer` VALUES ('45', '45', '45', '45', '45', '45', '45', '45', '2016-11-23 16:24:54', '2016-11-23 16:24:54');
INSERT INTO `pr_constitute_customer` VALUES ('46', '46', '46', '46', '46', '46', '46', '46', '2016-11-23 16:24:54', '2016-11-23 16:24:54');
INSERT INTO `pr_constitute_customer` VALUES ('47', '47', '47', '47', '47', '47', '47', '47', '2016-11-23 16:24:54', '2016-11-23 16:24:54');
INSERT INTO `pr_constitute_customer` VALUES ('48', '48', '48', '48', '48', '48', '48', '48', '2016-11-23 16:24:54', '2016-11-23 16:24:54');
INSERT INTO `pr_constitute_customer` VALUES ('49', '49', '49', '49', '49', '49', '49', '49', '2016-11-23 16:24:54', '2016-11-23 16:24:54');
INSERT INTO `pr_constitute_customer` VALUES ('50', '50', '50', '50', '50', '50', '50', '50', '2016-11-23 16:24:54', '2016-11-23 16:24:54');
INSERT INTO `pr_constitute_customer` VALUES ('51', '51', '51', '51', '51', '51', '51', '51', '2016-11-23 16:24:54', '2016-11-23 16:24:54');

-- ----------------------------
-- Table structure for pr_customer_conversion_rate
-- ----------------------------
DROP TABLE IF EXISTS `pr_customer_conversion_rate`;
CREATE TABLE `pr_customer_conversion_rate` (
  `id` bigint(20) NOT NULL AUTO_INCREMENT COMMENT '自动编号',
  `investment_advisor` varchar(20) DEFAULT NULL COMMENT '投资顾问',
  `last_period_customers_number` varchar(20) DEFAULT NULL COMMENT '上期客户数',
  `current_period_customers_number` varchar(20) DEFAULT NULL COMMENT '本期客户数',
  `last_period_registered_customers_number` varchar(20) DEFAULT NULL COMMENT '上期注册客户数',
  `current_period_registered_customers_number` varchar(20) DEFAULT NULL COMMENT '本期注册客户数',
  `last_period_transaction_customers_number` varchar(20) DEFAULT NULL COMMENT '上期客户交易数',
  `current_period_transaction_customers_number` varchar(20) DEFAULT NULL COMMENT '本期客户交易数',
  `current_period_registered_customers_proportion` varchar(20) DEFAULT NULL COMMENT '本期注册客户占比',
  `customer_registration_growth_rate` varchar(20) DEFAULT NULL COMMENT '客户注册增长率',
  `current_period_transactions_customers_proportion` varchar(20) DEFAULT NULL COMMENT '本期交易客户占比',
  `customer_transaction_conversion_rate` varchar(20) DEFAULT NULL COMMENT '客户交易转换率',
  `current_period_customers_aum_growth_rate` varchar(20) DEFAULT NULL COMMENT '本期客户AUM增长率(期末基准)',
  `mtime` timestamp NULL DEFAULT NULL ON UPDATE CURRENT_TIMESTAMP COMMENT '更新时间',
  `ctime` timestamp NULL DEFAULT CURRENT_TIMESTAMP COMMENT '创建时间',
  PRIMARY KEY (`id`)
) ENGINE=InnoDB AUTO_INCREMENT=52 DEFAULT CHARSET=utf8 ROW_FORMAT=DYNAMIC COMMENT='[业绩报表]--[客户转换率]--customer conversion rate';

-- ----------------------------
-- Records of pr_customer_conversion_rate
-- ----------------------------
INSERT INTO `pr_customer_conversion_rate` VALUES ('1', '1', '1', '1', '1', '1', '1', '1', '1', '1', '1', '1', '1', '2016-11-23 16:59:19', '2016-11-23 16:59:19');
INSERT INTO `pr_customer_conversion_rate` VALUES ('2', '2', '2', '2', '2', '2', '2', '2', '2', '2', '2', '2', '2', '2016-11-23 16:59:19', '2016-11-23 16:59:19');
INSERT INTO `pr_customer_conversion_rate` VALUES ('3', '3', '3', '3', '3', '3', '3', '3', '3', '3', '3', '3', '3', '2016-11-23 16:59:19', '2016-11-23 16:59:19');
INSERT INTO `pr_customer_conversion_rate` VALUES ('4', '4', '4', '4', '4', '4', '4', '4', '4', '4', '4', '4', '4', '2016-11-23 16:59:19', '2016-11-23 16:59:19');
INSERT INTO `pr_customer_conversion_rate` VALUES ('5', '5', '5', '5', '5', '5', '5', '5', '5', '5', '5', '5', '5', '2016-11-23 16:59:19', '2016-11-23 16:59:19');
INSERT INTO `pr_customer_conversion_rate` VALUES ('6', '6', '6', '6', '6', '6', '6', '6', '6', '6', '6', '6', '6', '2016-11-23 16:59:19', '2016-11-23 16:59:19');
INSERT INTO `pr_customer_conversion_rate` VALUES ('7', '7', '7', '7', '7', '7', '7', '7', '7', '7', '7', '7', '7', '2016-11-23 16:59:19', '2016-11-23 16:59:19');
INSERT INTO `pr_customer_conversion_rate` VALUES ('8', '8', '8', '8', '8', '8', '8', '8', '8', '8', '8', '8', '8', '2016-11-23 16:59:19', '2016-11-23 16:59:19');
INSERT INTO `pr_customer_conversion_rate` VALUES ('9', '9', '9', '9', '9', '9', '9', '9', '9', '9', '9', '9', '9', '2016-11-23 16:59:19', '2016-11-23 16:59:19');
INSERT INTO `pr_customer_conversion_rate` VALUES ('10', '10', '10', '10', '10', '10', '10', '10', '10', '10', '10', '10', '10', '2016-11-23 16:59:19', '2016-11-23 16:59:19');
INSERT INTO `pr_customer_conversion_rate` VALUES ('11', '11', '11', '11', '11', '11', '11', '11', '11', '11', '11', '11', '11', '2016-11-23 16:59:19', '2016-11-23 16:59:19');
INSERT INTO `pr_customer_conversion_rate` VALUES ('12', '12', '12', '12', '12', '12', '12', '12', '12', '12', '12', '12', '12', '2016-11-23 16:59:19', '2016-11-23 16:59:19');
INSERT INTO `pr_customer_conversion_rate` VALUES ('13', '13', '13', '13', '13', '13', '13', '13', '13', '13', '13', '13', '13', '2016-11-23 16:59:19', '2016-11-23 16:59:19');
INSERT INTO `pr_customer_conversion_rate` VALUES ('14', '14', '14', '14', '14', '14', '14', '14', '14', '14', '14', '14', '14', '2016-11-23 16:59:19', '2016-11-23 16:59:19');
INSERT INTO `pr_customer_conversion_rate` VALUES ('15', '15', '15', '15', '15', '15', '15', '15', '15', '15', '15', '15', '15', '2016-11-23 16:59:19', '2016-11-23 16:59:19');
INSERT INTO `pr_customer_conversion_rate` VALUES ('16', '16', '16', '16', '16', '16', '16', '16', '16', '16', '16', '16', '16', '2016-11-23 16:59:19', '2016-11-23 16:59:19');
INSERT INTO `pr_customer_conversion_rate` VALUES ('17', '17', '17', '17', '17', '17', '17', '17', '17', '17', '17', '17', '17', '2016-11-23 16:59:19', '2016-11-23 16:59:19');
INSERT INTO `pr_customer_conversion_rate` VALUES ('18', '18', '18', '18', '18', '18', '18', '18', '18', '18', '18', '18', '18', '2016-11-23 16:59:19', '2016-11-23 16:59:19');
INSERT INTO `pr_customer_conversion_rate` VALUES ('19', '19', '19', '19', '19', '19', '19', '19', '19', '19', '19', '19', '19', '2016-11-23 16:59:19', '2016-11-23 16:59:19');
INSERT INTO `pr_customer_conversion_rate` VALUES ('20', '20', '20', '20', '20', '20', '20', '20', '20', '20', '20', '20', '20', '2016-11-23 16:59:19', '2016-11-23 16:59:19');
INSERT INTO `pr_customer_conversion_rate` VALUES ('21', '21', '21', '21', '21', '21', '21', '21', '21', '21', '21', '21', '21', '2016-11-23 16:59:19', '2016-11-23 16:59:19');
INSERT INTO `pr_customer_conversion_rate` VALUES ('22', '22', '22', '22', '22', '22', '22', '22', '22', '22', '22', '22', '22', '2016-11-23 16:59:19', '2016-11-23 16:59:19');
INSERT INTO `pr_customer_conversion_rate` VALUES ('23', '23', '23', '23', '23', '23', '23', '23', '23', '23', '23', '23', '23', '2016-11-23 16:59:19', '2016-11-23 16:59:19');
INSERT INTO `pr_customer_conversion_rate` VALUES ('24', '24', '24', '24', '24', '24', '24', '24', '24', '24', '24', '24', '24', '2016-11-23 16:59:19', '2016-11-23 16:59:19');
INSERT INTO `pr_customer_conversion_rate` VALUES ('25', '25', '25', '25', '25', '25', '25', '25', '25', '25', '25', '25', '25', '2016-11-23 16:59:19', '2016-11-23 16:59:19');
INSERT INTO `pr_customer_conversion_rate` VALUES ('26', '26', '26', '26', '26', '26', '26', '26', '26', '26', '26', '26', '26', '2016-11-23 16:59:19', '2016-11-23 16:59:19');
INSERT INTO `pr_customer_conversion_rate` VALUES ('27', '27', '27', '27', '27', '27', '27', '27', '27', '27', '27', '27', '27', '2016-11-23 16:59:19', '2016-11-23 16:59:19');
INSERT INTO `pr_customer_conversion_rate` VALUES ('28', '28', '28', '28', '28', '28', '28', '28', '28', '28', '28', '28', '28', '2016-11-23 16:59:19', '2016-11-23 16:59:19');
INSERT INTO `pr_customer_conversion_rate` VALUES ('29', '29', '29', '29', '29', '29', '29', '29', '29', '29', '29', '29', '29', '2016-11-23 16:59:19', '2016-11-23 16:59:19');
INSERT INTO `pr_customer_conversion_rate` VALUES ('30', '30', '30', '30', '30', '30', '30', '30', '30', '30', '30', '30', '30', '2016-11-23 16:59:19', '2016-11-23 16:59:19');
INSERT INTO `pr_customer_conversion_rate` VALUES ('31', '31', '31', '31', '31', '31', '31', '31', '31', '31', '31', '31', '31', '2016-11-23 16:59:19', '2016-11-23 16:59:19');
INSERT INTO `pr_customer_conversion_rate` VALUES ('32', '32', '32', '32', '32', '32', '32', '32', '32', '32', '32', '32', '32', '2016-11-23 16:59:19', '2016-11-23 16:59:19');
INSERT INTO `pr_customer_conversion_rate` VALUES ('33', '33', '33', '33', '33', '33', '33', '33', '33', '33', '33', '33', '33', '2016-11-23 16:59:19', '2016-11-23 16:59:19');
INSERT INTO `pr_customer_conversion_rate` VALUES ('34', '34', '34', '34', '34', '34', '34', '34', '34', '34', '34', '34', '34', '2016-11-23 16:59:19', '2016-11-23 16:59:19');
INSERT INTO `pr_customer_conversion_rate` VALUES ('35', '35', '35', '35', '35', '35', '35', '35', '35', '35', '35', '35', '35', '2016-11-23 16:59:19', '2016-11-23 16:59:19');
INSERT INTO `pr_customer_conversion_rate` VALUES ('36', '36', '36', '36', '36', '36', '36', '36', '36', '36', '36', '36', '36', '2016-11-23 16:59:19', '2016-11-23 16:59:19');
INSERT INTO `pr_customer_conversion_rate` VALUES ('37', '37', '37', '37', '37', '37', '37', '37', '37', '37', '37', '37', '37', '2016-11-23 16:59:19', '2016-11-23 16:59:19');
INSERT INTO `pr_customer_conversion_rate` VALUES ('38', '38', '38', '38', '38', '38', '38', '38', '38', '38', '38', '38', '38', '2016-11-23 16:59:19', '2016-11-23 16:59:19');
INSERT INTO `pr_customer_conversion_rate` VALUES ('39', '39', '39', '39', '39', '39', '39', '39', '39', '39', '39', '39', '39', '2016-11-23 16:59:19', '2016-11-23 16:59:19');
INSERT INTO `pr_customer_conversion_rate` VALUES ('40', '40', '40', '40', '40', '40', '40', '40', '40', '40', '40', '40', '40', '2016-11-23 16:59:19', '2016-11-23 16:59:19');
INSERT INTO `pr_customer_conversion_rate` VALUES ('41', '41', '41', '41', '41', '41', '41', '41', '41', '41', '41', '41', '41', '2016-11-23 16:59:19', '2016-11-23 16:59:19');
INSERT INTO `pr_customer_conversion_rate` VALUES ('42', '42', '42', '42', '42', '42', '42', '42', '42', '42', '42', '42', '42', '2016-11-23 16:59:19', '2016-11-23 16:59:19');
INSERT INTO `pr_customer_conversion_rate` VALUES ('43', '43', '43', '43', '43', '43', '43', '43', '43', '43', '43', '43', '43', '2016-11-23 16:59:19', '2016-11-23 16:59:19');
INSERT INTO `pr_customer_conversion_rate` VALUES ('44', '44', '44', '44', '44', '44', '44', '44', '44', '44', '44', '44', '44', '2016-11-23 16:59:19', '2016-11-23 16:59:19');
INSERT INTO `pr_customer_conversion_rate` VALUES ('45', '45', '45', '45', '45', '45', '45', '45', '45', '45', '45', '45', '45', '2016-11-23 16:59:19', '2016-11-23 16:59:19');
INSERT INTO `pr_customer_conversion_rate` VALUES ('46', '46', '46', '46', '46', '46', '46', '46', '46', '46', '46', '46', '46', '2016-11-23 16:59:19', '2016-11-23 16:59:19');
INSERT INTO `pr_customer_conversion_rate` VALUES ('47', '47', '47', '47', '47', '47', '47', '47', '47', '47', '47', '47', '47', '2016-11-23 16:59:19', '2016-11-23 16:59:19');
INSERT INTO `pr_customer_conversion_rate` VALUES ('48', '48', '48', '48', '48', '48', '48', '48', '48', '48', '48', '48', '48', '2016-11-23 16:59:19', '2016-11-23 16:59:19');
INSERT INTO `pr_customer_conversion_rate` VALUES ('49', '49', '49', '49', '49', '49', '49', '49', '49', '49', '49', '49', '49', '2016-11-23 16:59:19', '2016-11-23 16:59:19');
INSERT INTO `pr_customer_conversion_rate` VALUES ('50', '50', '50', '50', '50', '50', '50', '50', '50', '50', '50', '50', '50', '2016-11-23 16:59:19', '2016-11-23 16:59:19');
INSERT INTO `pr_customer_conversion_rate` VALUES ('51', '51', '51', '51', '51', '51', '51', '51', '51', '51', '51', '51', '51', '2016-11-23 16:59:19', '2016-11-23 16:59:19');

-- ----------------------------
-- Table structure for pr_performance_report
-- ----------------------------
DROP TABLE IF EXISTS `pr_performance_report`;
CREATE TABLE `pr_performance_report` (
  `id` bigint(20) NOT NULL AUTO_INCREMENT COMMENT '自动编号',
  `advisor_level` varchar(10) DEFAULT NULL COMMENT '投顾级别',
  `investment_advisor` varchar(10) DEFAULT NULL COMMENT '投顾姓名',
  `current_vip_customers_number` varchar(20) DEFAULT NULL COMMENT '当前vip客户数（人数）',
  `performance_customers_AUM` varchar(20) DEFAULT NULL COMMENT '计入业绩客户AUM值(亿元)',
  `performance_customers_number` varchar(20) DEFAULT NULL COMMENT '计入业绩客户数(人数)',
  `reported_customers_registered_growth_rate` varchar(20) DEFAULT NULL COMMENT '上报客户数注册增长率',
  `reported_customers_transactions_growth_rate` varchar(20) DEFAULT NULL COMMENT '上报客户交易数增长率',
  `last_month_sales_scale` varchar(20) DEFAULT NULL COMMENT '上月销售规模(万元)',
  `monthly_sales_scale` varchar(20) DEFAULT NULL COMMENT '月销售规模(万元)',
  `monthly_sales_scale_performance_targets` varchar(20) DEFAULT NULL COMMENT '月销售规模业绩目标(万元)',
  `sales_completion_rate` varchar(20) DEFAULT NULL COMMENT ' 销售规模完成率',
  `monthly_number_of_get_customers` varchar(20) DEFAULT NULL COMMENT '月获客数(折算)',
  `monthly_acquisition_target` varchar(20) DEFAULT NULL COMMENT '月度获客目标(折算)',
  `get_customers_completion_rate` varchar(20) DEFAULT NULL COMMENT '获客完成率',
  `comprehensive_completion_rate` varchar(20) DEFAULT NULL COMMENT '综合完成率',
  `comprehensive_completion_rate_ranking` varchar(20) DEFAULT NULL COMMENT '综合完成率排名',
  `team_comprehensive_completion_rate` varchar(20) DEFAULT NULL COMMENT '投资组综合完成率 ',
  `mtime` timestamp NULL DEFAULT NULL ON UPDATE CURRENT_TIMESTAMP COMMENT '更新时间',
  `ctime` timestamp NULL DEFAULT CURRENT_TIMESTAMP COMMENT '创建时间',
  PRIMARY KEY (`id`)
) ENGINE=InnoDB AUTO_INCREMENT=52 DEFAULT CHARSET=utf8 ROW_FORMAT=DYNAMIC COMMENT='[业绩报表]--[业绩报表]--performance report';

-- ----------------------------
-- Records of pr_performance_report
-- ----------------------------
INSERT INTO `pr_performance_report` VALUES ('1', '1', '1', '1', '1', '1', '1', '1', '1', '1', '1', '1', '1', '1', '1', '1', '1', '1', '2016-11-23 16:40:50', '2016-11-23 16:40:50');
INSERT INTO `pr_performance_report` VALUES ('2', '2', '2', '2', '2', '2', '2', '2', '2', '2', '2', '2', '2', '2', '2', '2', '2', '2', '2016-11-23 16:40:50', '2016-11-23 16:40:50');
INSERT INTO `pr_performance_report` VALUES ('3', '3', '3', '3', '3', '3', '3', '3', '3', '3', '3', '3', '3', '3', '3', '3', '3', '3', '2016-11-23 16:40:50', '2016-11-23 16:40:50');
INSERT INTO `pr_performance_report` VALUES ('4', '4', '4', '4', '4', '4', '4', '4', '4', '4', '4', '4', '4', '4', '4', '4', '4', '4', '2016-11-23 16:40:50', '2016-11-23 16:40:50');
INSERT INTO `pr_performance_report` VALUES ('5', '5', '5', '5', '5', '5', '5', '5', '5', '5', '5', '5', '5', '5', '5', '5', '5', '5', '2016-11-23 16:40:50', '2016-11-23 16:40:50');
INSERT INTO `pr_performance_report` VALUES ('6', '6', '6', '6', '6', '6', '6', '6', '6', '6', '6', '6', '6', '6', '6', '6', '6', '6', '2016-11-23 16:40:50', '2016-11-23 16:40:50');
INSERT INTO `pr_performance_report` VALUES ('7', '7', '7', '7', '7', '7', '7', '7', '7', '7', '7', '7', '7', '7', '7', '7', '7', '7', '2016-11-23 16:40:50', '2016-11-23 16:40:50');
INSERT INTO `pr_performance_report` VALUES ('8', '8', '8', '8', '8', '8', '8', '8', '8', '8', '8', '8', '8', '8', '8', '8', '8', '8', '2016-11-23 16:40:50', '2016-11-23 16:40:50');
INSERT INTO `pr_performance_report` VALUES ('9', '9', '9', '9', '9', '9', '9', '9', '9', '9', '9', '9', '9', '9', '9', '9', '9', '9', '2016-11-23 16:40:50', '2016-11-23 16:40:50');
INSERT INTO `pr_performance_report` VALUES ('10', '10', '10', '10', '10', '10', '10', '10', '10', '10', '10', '10', '10', '10', '10', '10', '10', '10', '2016-11-23 16:40:50', '2016-11-23 16:40:50');
INSERT INTO `pr_performance_report` VALUES ('11', '11', '11', '11', '11', '11', '11', '11', '11', '11', '11', '11', '11', '11', '11', '11', '11', '11', '2016-11-23 16:40:50', '2016-11-23 16:40:50');
INSERT INTO `pr_performance_report` VALUES ('12', '12', '12', '12', '12', '12', '12', '12', '12', '12', '12', '12', '12', '12', '12', '12', '12', '12', '2016-11-23 16:40:50', '2016-11-23 16:40:50');
INSERT INTO `pr_performance_report` VALUES ('13', '13', '13', '13', '13', '13', '13', '13', '13', '13', '13', '13', '13', '13', '13', '13', '13', '13', '2016-11-23 16:40:50', '2016-11-23 16:40:50');
INSERT INTO `pr_performance_report` VALUES ('14', '14', '14', '14', '14', '14', '14', '14', '14', '14', '14', '14', '14', '14', '14', '14', '14', '14', '2016-11-23 16:40:50', '2016-11-23 16:40:50');
INSERT INTO `pr_performance_report` VALUES ('15', '15', '15', '15', '15', '15', '15', '15', '15', '15', '15', '15', '15', '15', '15', '15', '15', '15', '2016-11-23 16:40:50', '2016-11-23 16:40:50');
INSERT INTO `pr_performance_report` VALUES ('16', '16', '16', '16', '16', '16', '16', '16', '16', '16', '16', '16', '16', '16', '16', '16', '16', '16', '2016-11-23 16:40:50', '2016-11-23 16:40:50');
INSERT INTO `pr_performance_report` VALUES ('17', '17', '17', '17', '17', '17', '17', '17', '17', '17', '17', '17', '17', '17', '17', '17', '17', '17', '2016-11-23 16:40:50', '2016-11-23 16:40:50');
INSERT INTO `pr_performance_report` VALUES ('18', '18', '18', '18', '18', '18', '18', '18', '18', '18', '18', '18', '18', '18', '18', '18', '18', '18', '2016-11-23 16:40:50', '2016-11-23 16:40:50');
INSERT INTO `pr_performance_report` VALUES ('19', '19', '19', '19', '19', '19', '19', '19', '19', '19', '19', '19', '19', '19', '19', '19', '19', '19', '2016-11-23 16:40:50', '2016-11-23 16:40:50');
INSERT INTO `pr_performance_report` VALUES ('20', '20', '20', '20', '20', '20', '20', '20', '20', '20', '20', '20', '20', '20', '20', '20', '20', '20', '2016-11-23 16:40:50', '2016-11-23 16:40:50');
INSERT INTO `pr_performance_report` VALUES ('21', '21', '21', '21', '21', '21', '21', '21', '21', '21', '21', '21', '21', '21', '21', '21', '21', '21', '2016-11-23 16:40:50', '2016-11-23 16:40:50');
INSERT INTO `pr_performance_report` VALUES ('22', '22', '22', '22', '22', '22', '22', '22', '22', '22', '22', '22', '22', '22', '22', '22', '22', '22', '2016-11-23 16:40:50', '2016-11-23 16:40:50');
INSERT INTO `pr_performance_report` VALUES ('23', '23', '23', '23', '23', '23', '23', '23', '23', '23', '23', '23', '23', '23', '23', '23', '23', '23', '2016-11-23 16:40:50', '2016-11-23 16:40:50');
INSERT INTO `pr_performance_report` VALUES ('24', '24', '24', '24', '24', '24', '24', '24', '24', '24', '24', '24', '24', '24', '24', '24', '24', '24', '2016-11-23 16:40:50', '2016-11-23 16:40:50');
INSERT INTO `pr_performance_report` VALUES ('25', '25', '25', '25', '25', '25', '25', '25', '25', '25', '25', '25', '25', '25', '25', '25', '25', '25', '2016-11-23 16:40:50', '2016-11-23 16:40:50');
INSERT INTO `pr_performance_report` VALUES ('26', '26', '26', '26', '26', '26', '26', '26', '26', '26', '26', '26', '26', '26', '26', '26', '26', '26', '2016-11-23 16:40:50', '2016-11-23 16:40:50');
INSERT INTO `pr_performance_report` VALUES ('27', '27', '27', '27', '27', '27', '27', '27', '27', '27', '27', '27', '27', '27', '27', '27', '27', '27', '2016-11-23 16:40:50', '2016-11-23 16:40:50');
INSERT INTO `pr_performance_report` VALUES ('28', '28', '28', '28', '28', '28', '28', '28', '28', '28', '28', '28', '28', '28', '28', '28', '28', '28', '2016-11-23 16:40:50', '2016-11-23 16:40:50');
INSERT INTO `pr_performance_report` VALUES ('29', '29', '29', '29', '29', '29', '29', '29', '29', '29', '29', '29', '29', '29', '29', '29', '29', '29', '2016-11-23 16:40:50', '2016-11-23 16:40:50');
INSERT INTO `pr_performance_report` VALUES ('30', '30', '30', '30', '30', '30', '30', '30', '30', '30', '30', '30', '30', '30', '30', '30', '30', '30', '2016-11-23 16:40:50', '2016-11-23 16:40:50');
INSERT INTO `pr_performance_report` VALUES ('31', '31', '31', '31', '31', '31', '31', '31', '31', '31', '31', '31', '31', '31', '31', '31', '31', '31', '2016-11-23 16:40:50', '2016-11-23 16:40:50');
INSERT INTO `pr_performance_report` VALUES ('32', '32', '32', '32', '32', '32', '32', '32', '32', '32', '32', '32', '32', '32', '32', '32', '32', '32', '2016-11-23 16:40:50', '2016-11-23 16:40:50');
INSERT INTO `pr_performance_report` VALUES ('33', '33', '33', '33', '33', '33', '33', '33', '33', '33', '33', '33', '33', '33', '33', '33', '33', '33', '2016-11-23 16:40:50', '2016-11-23 16:40:50');
INSERT INTO `pr_performance_report` VALUES ('34', '34', '34', '34', '34', '34', '34', '34', '34', '34', '34', '34', '34', '34', '34', '34', '34', '34', '2016-11-23 16:40:50', '2016-11-23 16:40:50');
INSERT INTO `pr_performance_report` VALUES ('35', '35', '35', '35', '35', '35', '35', '35', '35', '35', '35', '35', '35', '35', '35', '35', '35', '35', '2016-11-23 16:40:50', '2016-11-23 16:40:50');
INSERT INTO `pr_performance_report` VALUES ('36', '36', '36', '36', '36', '36', '36', '36', '36', '36', '36', '36', '36', '36', '36', '36', '36', '36', '2016-11-23 16:40:50', '2016-11-23 16:40:50');
INSERT INTO `pr_performance_report` VALUES ('37', '37', '37', '37', '37', '37', '37', '37', '37', '37', '37', '37', '37', '37', '37', '37', '37', '37', '2016-11-23 16:40:50', '2016-11-23 16:40:50');
INSERT INTO `pr_performance_report` VALUES ('38', '38', '38', '38', '38', '38', '38', '38', '38', '38', '38', '38', '38', '38', '38', '38', '38', '38', '2016-11-23 16:40:50', '2016-11-23 16:40:50');
INSERT INTO `pr_performance_report` VALUES ('39', '39', '39', '39', '39', '39', '39', '39', '39', '39', '39', '39', '39', '39', '39', '39', '39', '39', '2016-11-23 16:40:50', '2016-11-23 16:40:50');
INSERT INTO `pr_performance_report` VALUES ('40', '40', '40', '40', '40', '40', '40', '40', '40', '40', '40', '40', '40', '40', '40', '40', '40', '40', '2016-11-23 16:40:50', '2016-11-23 16:40:50');
INSERT INTO `pr_performance_report` VALUES ('41', '41', '41', '41', '41', '41', '41', '41', '41', '41', '41', '41', '41', '41', '41', '41', '41', '41', '2016-11-23 16:40:50', '2016-11-23 16:40:50');
INSERT INTO `pr_performance_report` VALUES ('42', '42', '42', '42', '42', '42', '42', '42', '42', '42', '42', '42', '42', '42', '42', '42', '42', '42', '2016-11-23 16:40:50', '2016-11-23 16:40:50');
INSERT INTO `pr_performance_report` VALUES ('43', '43', '43', '43', '43', '43', '43', '43', '43', '43', '43', '43', '43', '43', '43', '43', '43', '43', '2016-11-23 16:40:50', '2016-11-23 16:40:50');
INSERT INTO `pr_performance_report` VALUES ('44', '44', '44', '44', '44', '44', '44', '44', '44', '44', '44', '44', '44', '44', '44', '44', '44', '44', '2016-11-23 16:40:50', '2016-11-23 16:40:50');
INSERT INTO `pr_performance_report` VALUES ('45', '45', '45', '45', '45', '45', '45', '45', '45', '45', '45', '45', '45', '45', '45', '45', '45', '45', '2016-11-23 16:40:50', '2016-11-23 16:40:50');
INSERT INTO `pr_performance_report` VALUES ('46', '46', '46', '46', '46', '46', '46', '46', '46', '46', '46', '46', '46', '46', '46', '46', '46', '46', '2016-11-23 16:40:50', '2016-11-23 16:40:50');
INSERT INTO `pr_performance_report` VALUES ('47', '47', '47', '47', '47', '47', '47', '47', '47', '47', '47', '47', '47', '47', '47', '47', '47', '47', '2016-11-23 16:40:50', '2016-11-23 16:40:50');
INSERT INTO `pr_performance_report` VALUES ('48', '48', '48', '48', '48', '48', '48', '48', '48', '48', '48', '48', '48', '48', '48', '48', '48', '48', '2016-11-23 16:40:50', '2016-11-23 16:40:50');
INSERT INTO `pr_performance_report` VALUES ('49', '49', '49', '49', '49', '49', '49', '49', '49', '49', '49', '49', '49', '49', '49', '49', '49', '49', '2016-11-23 16:40:50', '2016-11-23 16:40:50');
INSERT INTO `pr_performance_report` VALUES ('50', '50', '50', '50', '50', '50', '50', '50', '50', '50', '50', '50', '50', '50', '50', '50', '50', '50', '2016-11-23 16:40:50', '2016-11-23 16:40:50');
INSERT INTO `pr_performance_report` VALUES ('51', '51', '51', '51', '51', '51', '51', '51', '51', '51', '51', '51', '51', '51', '51', '51', '51', '51', '2016-11-23 16:40:50', '2016-11-23 16:40:50');

-- ----------------------------
-- Table structure for pr_regular_payment
-- ----------------------------
DROP TABLE IF EXISTS `pr_regular_payment`;
CREATE TABLE `pr_regular_payment` (
  `id` bigint(20) NOT NULL AUTO_INCREMENT COMMENT '自动编号',
  `user_name` varchar(20) DEFAULT NULL COMMENT '客户姓名',
  `phone_number` varchar(20) DEFAULT NULL COMMENT '手机号码',
  `product_name` varchar(20) DEFAULT NULL COMMENT '产品名称',
  `product_period` varchar(20) DEFAULT NULL COMMENT '产品期限',
  `year_days` varchar(20) DEFAULT NULL COMMENT '年天数',
  `principal` varchar(20) DEFAULT NULL COMMENT '本金',
  `product_revenue` varchar(20) DEFAULT NULL COMMENT '产品收益',
  `investment_advisor` varchar(20) DEFAULT NULL COMMENT '投资顾问',
  `mtime` timestamp NULL DEFAULT NULL ON UPDATE CURRENT_TIMESTAMP COMMENT '更新时间',
  `ctime` timestamp NULL DEFAULT CURRENT_TIMESTAMP COMMENT '创建时间',
  PRIMARY KEY (`id`)
) ENGINE=InnoDB AUTO_INCREMENT=52 DEFAULT CHARSET=utf8 ROW_FORMAT=DYNAMIC COMMENT='[业绩报表]--[定期兑付报表]--regular payment';

-- ----------------------------
-- Records of pr_regular_payment
-- ----------------------------
INSERT INTO `pr_regular_payment` VALUES ('1', '1', '1', '1', '1', '1', '1', '1', '1', '2016-11-23 17:05:26', '2016-11-23 17:05:26');
INSERT INTO `pr_regular_payment` VALUES ('2', '2', '2', '2', '2', '2', '2', '2', '2', '2016-11-23 17:05:26', '2016-11-23 17:05:26');
INSERT INTO `pr_regular_payment` VALUES ('3', '3', '3', '3', '3', '3', '3', '3', '3', '2016-11-23 17:05:26', '2016-11-23 17:05:26');
INSERT INTO `pr_regular_payment` VALUES ('4', '4', '4', '4', '4', '4', '4', '4', '4', '2016-11-23 17:05:26', '2016-11-23 17:05:26');
INSERT INTO `pr_regular_payment` VALUES ('5', '5', '5', '5', '5', '5', '5', '5', '5', '2016-11-23 17:05:26', '2016-11-23 17:05:26');
INSERT INTO `pr_regular_payment` VALUES ('6', '6', '6', '6', '6', '6', '6', '6', '6', '2016-11-23 17:05:26', '2016-11-23 17:05:26');
INSERT INTO `pr_regular_payment` VALUES ('7', '7', '7', '7', '7', '7', '7', '7', '7', '2016-11-23 17:05:26', '2016-11-23 17:05:26');
INSERT INTO `pr_regular_payment` VALUES ('8', '8', '8', '8', '8', '8', '8', '8', '8', '2016-11-23 17:05:26', '2016-11-23 17:05:26');
INSERT INTO `pr_regular_payment` VALUES ('9', '9', '9', '9', '9', '9', '9', '9', '9', '2016-11-23 17:05:26', '2016-11-23 17:05:26');
INSERT INTO `pr_regular_payment` VALUES ('10', '10', '10', '10', '10', '10', '10', '10', '10', '2016-11-23 17:05:26', '2016-11-23 17:05:26');
INSERT INTO `pr_regular_payment` VALUES ('11', '11', '11', '11', '11', '11', '11', '11', '11', '2016-11-23 17:05:26', '2016-11-23 17:05:26');
INSERT INTO `pr_regular_payment` VALUES ('12', '12', '12', '12', '12', '12', '12', '12', '12', '2016-11-23 17:05:26', '2016-11-23 17:05:26');
INSERT INTO `pr_regular_payment` VALUES ('13', '13', '13', '13', '13', '13', '13', '13', '13', '2016-11-23 17:05:26', '2016-11-23 17:05:26');
INSERT INTO `pr_regular_payment` VALUES ('14', '14', '14', '14', '14', '14', '14', '14', '14', '2016-11-23 17:05:26', '2016-11-23 17:05:26');
INSERT INTO `pr_regular_payment` VALUES ('15', '15', '15', '15', '15', '15', '15', '15', '15', '2016-11-23 17:05:26', '2016-11-23 17:05:26');
INSERT INTO `pr_regular_payment` VALUES ('16', '16', '16', '16', '16', '16', '16', '16', '16', '2016-11-23 17:05:26', '2016-11-23 17:05:26');
INSERT INTO `pr_regular_payment` VALUES ('17', '17', '17', '17', '17', '17', '17', '17', '17', '2016-11-23 17:05:26', '2016-11-23 17:05:26');
INSERT INTO `pr_regular_payment` VALUES ('18', '18', '18', '18', '18', '18', '18', '18', '18', '2016-11-23 17:05:26', '2016-11-23 17:05:26');
INSERT INTO `pr_regular_payment` VALUES ('19', '19', '19', '19', '19', '19', '19', '19', '19', '2016-11-23 17:05:26', '2016-11-23 17:05:26');
INSERT INTO `pr_regular_payment` VALUES ('20', '20', '20', '20', '20', '20', '20', '20', '20', '2016-11-23 17:05:26', '2016-11-23 17:05:26');
INSERT INTO `pr_regular_payment` VALUES ('21', '21', '21', '21', '21', '21', '21', '21', '21', '2016-11-23 17:05:26', '2016-11-23 17:05:26');
INSERT INTO `pr_regular_payment` VALUES ('22', '22', '22', '22', '22', '22', '22', '22', '22', '2016-11-23 17:05:26', '2016-11-23 17:05:26');
INSERT INTO `pr_regular_payment` VALUES ('23', '23', '23', '23', '23', '23', '23', '23', '23', '2016-11-23 17:05:26', '2016-11-23 17:05:26');
INSERT INTO `pr_regular_payment` VALUES ('24', '24', '24', '24', '24', '24', '24', '24', '24', '2016-11-23 17:05:26', '2016-11-23 17:05:26');
INSERT INTO `pr_regular_payment` VALUES ('25', '25', '25', '25', '25', '25', '25', '25', '25', '2016-11-23 17:05:26', '2016-11-23 17:05:26');
INSERT INTO `pr_regular_payment` VALUES ('26', '26', '26', '26', '26', '26', '26', '26', '26', '2016-11-23 17:05:26', '2016-11-23 17:05:26');
INSERT INTO `pr_regular_payment` VALUES ('27', '27', '27', '27', '27', '27', '27', '27', '27', '2016-11-23 17:05:26', '2016-11-23 17:05:26');
INSERT INTO `pr_regular_payment` VALUES ('28', '28', '28', '28', '28', '28', '28', '28', '28', '2016-11-23 17:05:26', '2016-11-23 17:05:26');
INSERT INTO `pr_regular_payment` VALUES ('29', '29', '29', '29', '29', '29', '29', '29', '29', '2016-11-23 17:05:26', '2016-11-23 17:05:26');
INSERT INTO `pr_regular_payment` VALUES ('30', '30', '30', '30', '30', '30', '30', '30', '30', '2016-11-23 17:05:26', '2016-11-23 17:05:26');
INSERT INTO `pr_regular_payment` VALUES ('31', '31', '31', '31', '31', '31', '31', '31', '31', '2016-11-23 17:05:26', '2016-11-23 17:05:26');
INSERT INTO `pr_regular_payment` VALUES ('32', '32', '32', '32', '32', '32', '32', '32', '32', '2016-11-23 17:05:26', '2016-11-23 17:05:26');
INSERT INTO `pr_regular_payment` VALUES ('33', '33', '33', '33', '33', '33', '33', '33', '33', '2016-11-23 17:05:26', '2016-11-23 17:05:26');
INSERT INTO `pr_regular_payment` VALUES ('34', '34', '34', '34', '34', '34', '34', '34', '34', '2016-11-23 17:05:26', '2016-11-23 17:05:26');
INSERT INTO `pr_regular_payment` VALUES ('35', '35', '35', '35', '35', '35', '35', '35', '35', '2016-11-23 17:05:26', '2016-11-23 17:05:26');
INSERT INTO `pr_regular_payment` VALUES ('36', '36', '36', '36', '36', '36', '36', '36', '36', '2016-11-23 17:05:26', '2016-11-23 17:05:26');
INSERT INTO `pr_regular_payment` VALUES ('37', '37', '37', '37', '37', '37', '37', '37', '37', '2016-11-23 17:05:26', '2016-11-23 17:05:26');
INSERT INTO `pr_regular_payment` VALUES ('38', '38', '38', '38', '38', '38', '38', '38', '38', '2016-11-23 17:05:26', '2016-11-23 17:05:26');
INSERT INTO `pr_regular_payment` VALUES ('39', '39', '39', '39', '39', '39', '39', '39', '39', '2016-11-23 17:05:26', '2016-11-23 17:05:26');
INSERT INTO `pr_regular_payment` VALUES ('40', '40', '40', '40', '40', '40', '40', '40', '40', '2016-11-23 17:05:26', '2016-11-23 17:05:26');
INSERT INTO `pr_regular_payment` VALUES ('41', '41', '41', '41', '41', '41', '41', '41', '41', '2016-11-23 17:05:26', '2016-11-23 17:05:26');
INSERT INTO `pr_regular_payment` VALUES ('42', '42', '42', '42', '42', '42', '42', '42', '42', '2016-11-23 17:05:26', '2016-11-23 17:05:26');
INSERT INTO `pr_regular_payment` VALUES ('43', '43', '43', '43', '43', '43', '43', '43', '43', '2016-11-23 17:05:26', '2016-11-23 17:05:26');
INSERT INTO `pr_regular_payment` VALUES ('44', '44', '44', '44', '44', '44', '44', '44', '44', '2016-11-23 17:05:26', '2016-11-23 17:05:26');
INSERT INTO `pr_regular_payment` VALUES ('45', '45', '45', '45', '45', '45', '45', '45', '45', '2016-11-23 17:05:26', '2016-11-23 17:05:26');
INSERT INTO `pr_regular_payment` VALUES ('46', '46', '46', '46', '46', '46', '46', '46', '46', '2016-11-23 17:05:26', '2016-11-23 17:05:26');
INSERT INTO `pr_regular_payment` VALUES ('47', '47', '47', '47', '47', '47', '47', '47', '47', '2016-11-23 17:05:26', '2016-11-23 17:05:26');
INSERT INTO `pr_regular_payment` VALUES ('48', '48', '48', '48', '48', '48', '48', '48', '48', '2016-11-23 17:05:26', '2016-11-23 17:05:26');
INSERT INTO `pr_regular_payment` VALUES ('49', '49', '49', '49', '49', '49', '49', '49', '49', '2016-11-23 17:05:26', '2016-11-23 17:05:26');
INSERT INTO `pr_regular_payment` VALUES ('50', '50', '50', '50', '50', '50', '50', '50', '50', '2016-11-23 17:05:26', '2016-11-23 17:05:26');
INSERT INTO `pr_regular_payment` VALUES ('51', '51', '51', '51', '51', '51', '51', '51', '51', '2016-11-23 17:05:26', '2016-11-23 17:05:26');

-- ----------------------------
-- Table structure for sr_assets_balance
-- ----------------------------
DROP TABLE IF EXISTS `sr_assets_balance`;
CREATE TABLE `sr_assets_balance` (
  `id` bigint(20) NOT NULL AUTO_INCREMENT COMMENT '自动编号',
  `user_name` varchar(20) DEFAULT NULL COMMENT '客户姓名',
  `phone_number` bigint(20) NOT NULL COMMENT '手机号码',
  `investment_adviser` varchar(20) DEFAULT NULL COMMENT '投资顾问',
  `register_date` varchar(20) DEFAULT NULL COMMENT '注册日期',
  `regular_assets_total` varchar(20) DEFAULT NULL COMMENT '当前定期AUM（资产总额）',
  `regular_aum_time_point` varchar(20) DEFAULT NULL COMMENT '当前定期AUM时间点',
  `current_assets_total` varchar(20) DEFAULT NULL COMMENT '当前活期AUM（资产总额）',
  `current_aum_time_point` varchar(20) DEFAULT NULL COMMENT '当前活期AUM时间点',
  `aum_total` varchar(20) DEFAULT NULL COMMENT '当前AUM汇总（单位：元）',
  `mtime` timestamp NULL DEFAULT NULL ON UPDATE CURRENT_TIMESTAMP COMMENT '更新时间',
  `ctime` timestamp NULL DEFAULT CURRENT_TIMESTAMP COMMENT '创建时间',
  PRIMARY KEY (`id`)
) ENGINE=InnoDB AUTO_INCREMENT=52 DEFAULT CHARSET=utf8 ROW_FORMAT=DYNAMIC COMMENT='[统计报表]--[资产余额]--assets balance';

-- ----------------------------
-- Records of sr_assets_balance
-- ----------------------------
INSERT INTO `sr_assets_balance` VALUES ('1', '1', '1', '1', '1', '1', '1', '1', '1', '1', '2016-11-23 19:53:01', '2016-11-23 19:53:01');
INSERT INTO `sr_assets_balance` VALUES ('2', '2', '2', '2', '2', '2', '2', '2', '2', '2', '2016-11-23 19:53:01', '2016-11-23 19:53:01');
INSERT INTO `sr_assets_balance` VALUES ('3', '3', '3', '3', '3', '3', '3', '3', '3', '3', '2016-11-23 19:53:01', '2016-11-23 19:53:01');
INSERT INTO `sr_assets_balance` VALUES ('4', '4', '4', '4', '4', '4', '4', '4', '4', '4', '2016-11-23 19:53:01', '2016-11-23 19:53:01');
INSERT INTO `sr_assets_balance` VALUES ('5', '5', '5', '5', '5', '5', '5', '5', '5', '5', '2016-11-23 19:53:01', '2016-11-23 19:53:01');
INSERT INTO `sr_assets_balance` VALUES ('6', '6', '6', '6', '6', '6', '6', '6', '6', '6', '2016-11-23 19:53:01', '2016-11-23 19:53:01');
INSERT INTO `sr_assets_balance` VALUES ('7', '7', '7', '7', '7', '7', '7', '7', '7', '7', '2016-11-23 19:53:01', '2016-11-23 19:53:01');
INSERT INTO `sr_assets_balance` VALUES ('8', '8', '8', '8', '8', '8', '8', '8', '8', '8', '2016-11-23 19:53:01', '2016-11-23 19:53:01');
INSERT INTO `sr_assets_balance` VALUES ('9', '9', '9', '9', '9', '9', '9', '9', '9', '9', '2016-11-23 19:53:01', '2016-11-23 19:53:01');
INSERT INTO `sr_assets_balance` VALUES ('10', '10', '10', '10', '10', '10', '10', '10', '10', '10', '2016-11-23 19:53:01', '2016-11-23 19:53:01');
INSERT INTO `sr_assets_balance` VALUES ('11', '11', '11', '11', '11', '11', '11', '11', '11', '11', '2016-11-23 19:53:01', '2016-11-23 19:53:01');
INSERT INTO `sr_assets_balance` VALUES ('12', '12', '12', '12', '12', '12', '12', '12', '12', '12', '2016-11-23 19:53:01', '2016-11-23 19:53:01');
INSERT INTO `sr_assets_balance` VALUES ('13', '13', '13', '13', '13', '13', '13', '13', '13', '13', '2016-11-23 19:53:01', '2016-11-23 19:53:01');
INSERT INTO `sr_assets_balance` VALUES ('14', '14', '14', '14', '14', '14', '14', '14', '14', '14', '2016-11-23 19:53:01', '2016-11-23 19:53:01');
INSERT INTO `sr_assets_balance` VALUES ('15', '15', '15', '15', '15', '15', '15', '15', '15', '15', '2016-11-23 19:53:01', '2016-11-23 19:53:01');
INSERT INTO `sr_assets_balance` VALUES ('16', '16', '16', '16', '16', '16', '16', '16', '16', '16', '2016-11-23 19:53:01', '2016-11-23 19:53:01');
INSERT INTO `sr_assets_balance` VALUES ('17', '17', '17', '17', '17', '17', '17', '17', '17', '17', '2016-11-23 19:53:01', '2016-11-23 19:53:01');
INSERT INTO `sr_assets_balance` VALUES ('18', '18', '18', '18', '18', '18', '18', '18', '18', '18', '2016-11-23 19:53:01', '2016-11-23 19:53:01');
INSERT INTO `sr_assets_balance` VALUES ('19', '19', '19', '19', '19', '19', '19', '19', '19', '19', '2016-11-23 19:53:01', '2016-11-23 19:53:01');
INSERT INTO `sr_assets_balance` VALUES ('20', '20', '20', '20', '20', '20', '20', '20', '20', '20', '2016-11-23 19:53:01', '2016-11-23 19:53:01');
INSERT INTO `sr_assets_balance` VALUES ('21', '21', '21', '21', '21', '21', '21', '21', '21', '21', '2016-11-23 19:53:01', '2016-11-23 19:53:01');
INSERT INTO `sr_assets_balance` VALUES ('22', '22', '22', '22', '22', '22', '22', '22', '22', '22', '2016-11-23 19:53:01', '2016-11-23 19:53:01');
INSERT INTO `sr_assets_balance` VALUES ('23', '23', '23', '23', '23', '23', '23', '23', '23', '23', '2016-11-23 19:53:01', '2016-11-23 19:53:01');
INSERT INTO `sr_assets_balance` VALUES ('24', '24', '24', '24', '24', '24', '24', '24', '24', '24', '2016-11-23 19:53:01', '2016-11-23 19:53:01');
INSERT INTO `sr_assets_balance` VALUES ('25', '25', '25', '25', '25', '25', '25', '25', '25', '25', '2016-11-23 19:53:01', '2016-11-23 19:53:01');
INSERT INTO `sr_assets_balance` VALUES ('26', '26', '26', '26', '26', '26', '26', '26', '26', '26', '2016-11-23 19:53:01', '2016-11-23 19:53:01');
INSERT INTO `sr_assets_balance` VALUES ('27', '27', '27', '27', '27', '27', '27', '27', '27', '27', '2016-11-23 19:53:01', '2016-11-23 19:53:01');
INSERT INTO `sr_assets_balance` VALUES ('28', '28', '28', '28', '28', '28', '28', '28', '28', '28', '2016-11-23 19:53:01', '2016-11-23 19:53:01');
INSERT INTO `sr_assets_balance` VALUES ('29', '29', '29', '29', '29', '29', '29', '29', '29', '29', '2016-11-23 19:53:01', '2016-11-23 19:53:01');
INSERT INTO `sr_assets_balance` VALUES ('30', '30', '30', '30', '30', '30', '30', '30', '30', '30', '2016-11-23 19:53:01', '2016-11-23 19:53:01');
INSERT INTO `sr_assets_balance` VALUES ('31', '31', '31', '31', '31', '31', '31', '31', '31', '31', '2016-11-23 19:53:01', '2016-11-23 19:53:01');
INSERT INTO `sr_assets_balance` VALUES ('32', '32', '32', '32', '32', '32', '32', '32', '32', '32', '2016-11-23 19:53:01', '2016-11-23 19:53:01');
INSERT INTO `sr_assets_balance` VALUES ('33', '33', '33', '33', '33', '33', '33', '33', '33', '33', '2016-11-23 19:53:01', '2016-11-23 19:53:01');
INSERT INTO `sr_assets_balance` VALUES ('34', '34', '34', '34', '34', '34', '34', '34', '34', '34', '2016-11-23 19:53:01', '2016-11-23 19:53:01');
INSERT INTO `sr_assets_balance` VALUES ('35', '35', '35', '35', '35', '35', '35', '35', '35', '35', '2016-11-23 19:53:01', '2016-11-23 19:53:01');
INSERT INTO `sr_assets_balance` VALUES ('36', '36', '36', '36', '36', '36', '36', '36', '36', '36', '2016-11-23 19:53:01', '2016-11-23 19:53:01');
INSERT INTO `sr_assets_balance` VALUES ('37', '37', '37', '37', '37', '37', '37', '37', '37', '37', '2016-11-23 19:53:01', '2016-11-23 19:53:01');
INSERT INTO `sr_assets_balance` VALUES ('38', '38', '38', '38', '38', '38', '38', '38', '38', '38', '2016-11-23 19:53:01', '2016-11-23 19:53:01');
INSERT INTO `sr_assets_balance` VALUES ('39', '39', '39', '39', '39', '39', '39', '39', '39', '39', '2016-11-23 19:53:01', '2016-11-23 19:53:01');
INSERT INTO `sr_assets_balance` VALUES ('40', '40', '40', '40', '40', '40', '40', '40', '40', '40', '2016-11-23 19:53:01', '2016-11-23 19:53:01');
INSERT INTO `sr_assets_balance` VALUES ('41', '41', '41', '41', '41', '41', '41', '41', '41', '41', '2016-11-23 19:53:01', '2016-11-23 19:53:01');
INSERT INTO `sr_assets_balance` VALUES ('42', '42', '42', '42', '42', '42', '42', '42', '42', '42', '2016-11-23 19:53:01', '2016-11-23 19:53:01');
INSERT INTO `sr_assets_balance` VALUES ('43', '43', '43', '43', '43', '43', '43', '43', '43', '43', '2016-11-23 19:53:01', '2016-11-23 19:53:01');
INSERT INTO `sr_assets_balance` VALUES ('44', '44', '44', '44', '44', '44', '44', '44', '44', '44', '2016-11-23 19:53:01', '2016-11-23 19:53:01');
INSERT INTO `sr_assets_balance` VALUES ('45', '45', '45', '45', '45', '45', '45', '45', '45', '45', '2016-11-23 19:53:01', '2016-11-23 19:53:01');
INSERT INTO `sr_assets_balance` VALUES ('46', '46', '46', '46', '46', '46', '46', '46', '46', '46', '2016-11-23 19:53:01', '2016-11-23 19:53:01');
INSERT INTO `sr_assets_balance` VALUES ('47', '47', '47', '47', '47', '47', '47', '47', '47', '47', '2016-11-23 19:53:01', '2016-11-23 19:53:01');
INSERT INTO `sr_assets_balance` VALUES ('48', '48', '48', '48', '48', '48', '48', '48', '48', '48', '2016-11-23 19:53:01', '2016-11-23 19:53:01');
INSERT INTO `sr_assets_balance` VALUES ('49', '49', '49', '49', '49', '49', '49', '49', '49', '49', '2016-11-23 19:53:01', '2016-11-23 19:53:01');
INSERT INTO `sr_assets_balance` VALUES ('50', '50', '50', '50', '50', '50', '50', '50', '50', '50', '2016-11-23 19:53:01', '2016-11-23 19:53:01');
INSERT INTO `sr_assets_balance` VALUES ('51', '51', '51', '51', '51', '51', '51', '51', '51', '51', '2016-11-23 19:53:01', '2016-11-23 19:53:01');

-- ----------------------------
-- Table structure for sr_current_sales_details
-- ----------------------------
DROP TABLE IF EXISTS `sr_current_sales_details`;
CREATE TABLE `sr_current_sales_details` (
  `id` bigint(20) NOT NULL AUTO_INCREMENT COMMENT '自动编号',
  `user_name` varchar(20) DEFAULT NULL COMMENT '客户姓名',
  `phone_number` bigint(20) NOT NULL COMMENT '手机号码',
  `report_or_allot` varchar(20) DEFAULT NULL COMMENT '上报/分配',
  `report_or_allot_date` varchar(20) DEFAULT NULL COMMENT '上报/分配时间',
  `investment_adviser` varchar(20) DEFAULT NULL COMMENT '投资顾问',
  `user_identify` varchar(20) DEFAULT NULL COMMENT '客户标识',
  `base_product_name` varchar(50) DEFAULT NULL COMMENT '基础产品名称（活期）',
  `purchase_amount` varchar(20) DEFAULT NULL COMMENT '申购金额',
  `current_assets_total` varchar(20) DEFAULT NULL COMMENT '现有资产---当前活期AUM（资产总额）',
  `purchase_date` varchar(20) DEFAULT NULL COMMENT '申购时间 0000-00-00 00:00:00',
  `mtime` timestamp NULL DEFAULT NULL ON UPDATE CURRENT_TIMESTAMP COMMENT '更新时间',
  `ctime` timestamp NULL DEFAULT CURRENT_TIMESTAMP COMMENT '创建时间',
  PRIMARY KEY (`id`)
) ENGINE=InnoDB AUTO_INCREMENT=52 DEFAULT CHARSET=utf8 ROW_FORMAT=DYNAMIC COMMENT='[统计报表]--[活期销售明细]--current sales details';

-- ----------------------------
-- Records of sr_current_sales_details
-- ----------------------------
INSERT INTO `sr_current_sales_details` VALUES ('1', '1', '1', '1', '1', '1', '1', '1', '1', '1', '1', '2016-11-23 20:05:38', '2016-11-23 20:05:38');
INSERT INTO `sr_current_sales_details` VALUES ('2', '2', '2', '2', '2', '2', '2', '2', '2', '2', '2', '2016-11-23 20:05:38', '2016-11-23 20:05:38');
INSERT INTO `sr_current_sales_details` VALUES ('3', '3', '3', '3', '3', '3', '3', '3', '3', '3', '3', '2016-11-23 20:05:38', '2016-11-23 20:05:38');
INSERT INTO `sr_current_sales_details` VALUES ('4', '4', '4', '4', '4', '4', '4', '4', '4', '4', '4', '2016-11-23 20:05:38', '2016-11-23 20:05:38');
INSERT INTO `sr_current_sales_details` VALUES ('5', '5', '5', '5', '5', '5', '5', '5', '5', '5', '5', '2016-11-23 20:05:38', '2016-11-23 20:05:38');
INSERT INTO `sr_current_sales_details` VALUES ('6', '6', '6', '6', '6', '6', '6', '6', '6', '6', '6', '2016-11-23 20:05:38', '2016-11-23 20:05:38');
INSERT INTO `sr_current_sales_details` VALUES ('7', '7', '7', '7', '7', '7', '7', '7', '7', '7', '7', '2016-11-23 20:05:38', '2016-11-23 20:05:38');
INSERT INTO `sr_current_sales_details` VALUES ('8', '8', '8', '8', '8', '8', '8', '8', '8', '8', '8', '2016-11-23 20:05:38', '2016-11-23 20:05:38');
INSERT INTO `sr_current_sales_details` VALUES ('9', '9', '9', '9', '9', '9', '9', '9', '9', '9', '9', '2016-11-23 20:05:38', '2016-11-23 20:05:38');
INSERT INTO `sr_current_sales_details` VALUES ('10', '10', '10', '10', '10', '10', '10', '10', '10', '10', '10', '2016-11-23 20:05:38', '2016-11-23 20:05:38');
INSERT INTO `sr_current_sales_details` VALUES ('11', '11', '11', '11', '11', '11', '11', '11', '11', '11', '11', '2016-11-23 20:05:38', '2016-11-23 20:05:38');
INSERT INTO `sr_current_sales_details` VALUES ('12', '12', '12', '12', '12', '12', '12', '12', '12', '12', '12', '2016-11-23 20:05:38', '2016-11-23 20:05:38');
INSERT INTO `sr_current_sales_details` VALUES ('13', '13', '13', '13', '13', '13', '13', '13', '13', '13', '13', '2016-11-23 20:05:38', '2016-11-23 20:05:38');
INSERT INTO `sr_current_sales_details` VALUES ('14', '14', '14', '14', '14', '14', '14', '14', '14', '14', '14', '2016-11-23 20:05:38', '2016-11-23 20:05:38');
INSERT INTO `sr_current_sales_details` VALUES ('15', '15', '15', '15', '15', '15', '15', '15', '15', '15', '15', '2016-11-23 20:05:38', '2016-11-23 20:05:38');
INSERT INTO `sr_current_sales_details` VALUES ('16', '16', '16', '16', '16', '16', '16', '16', '16', '16', '16', '2016-11-23 20:05:38', '2016-11-23 20:05:38');
INSERT INTO `sr_current_sales_details` VALUES ('17', '17', '17', '17', '17', '17', '17', '17', '17', '17', '17', '2016-11-23 20:05:38', '2016-11-23 20:05:38');
INSERT INTO `sr_current_sales_details` VALUES ('18', '18', '18', '18', '18', '18', '18', '18', '18', '18', '18', '2016-11-23 20:05:38', '2016-11-23 20:05:38');
INSERT INTO `sr_current_sales_details` VALUES ('19', '19', '19', '19', '19', '19', '19', '19', '19', '19', '19', '2016-11-23 20:05:38', '2016-11-23 20:05:38');
INSERT INTO `sr_current_sales_details` VALUES ('20', '20', '20', '20', '20', '20', '20', '20', '20', '20', '20', '2016-11-23 20:05:38', '2016-11-23 20:05:38');
INSERT INTO `sr_current_sales_details` VALUES ('21', '21', '21', '21', '21', '21', '21', '21', '21', '21', '21', '2016-11-23 20:05:38', '2016-11-23 20:05:38');
INSERT INTO `sr_current_sales_details` VALUES ('22', '22', '22', '22', '22', '22', '22', '22', '22', '22', '22', '2016-11-23 20:05:38', '2016-11-23 20:05:38');
INSERT INTO `sr_current_sales_details` VALUES ('23', '23', '23', '23', '23', '23', '23', '23', '23', '23', '23', '2016-11-23 20:05:38', '2016-11-23 20:05:38');
INSERT INTO `sr_current_sales_details` VALUES ('24', '24', '24', '24', '24', '24', '24', '24', '24', '24', '24', '2016-11-23 20:05:38', '2016-11-23 20:05:38');
INSERT INTO `sr_current_sales_details` VALUES ('25', '25', '25', '25', '25', '25', '25', '25', '25', '25', '25', '2016-11-23 20:05:38', '2016-11-23 20:05:38');
INSERT INTO `sr_current_sales_details` VALUES ('26', '26', '26', '26', '26', '26', '26', '26', '26', '26', '26', '2016-11-23 20:05:38', '2016-11-23 20:05:38');
INSERT INTO `sr_current_sales_details` VALUES ('27', '27', '27', '27', '27', '27', '27', '27', '27', '27', '27', '2016-11-23 20:05:38', '2016-11-23 20:05:38');
INSERT INTO `sr_current_sales_details` VALUES ('28', '28', '28', '28', '28', '28', '28', '28', '28', '28', '28', '2016-11-23 20:05:38', '2016-11-23 20:05:38');
INSERT INTO `sr_current_sales_details` VALUES ('29', '29', '29', '29', '29', '29', '29', '29', '29', '29', '29', '2016-11-23 20:05:38', '2016-11-23 20:05:38');
INSERT INTO `sr_current_sales_details` VALUES ('30', '30', '30', '30', '30', '30', '30', '30', '30', '30', '30', '2016-11-23 20:05:38', '2016-11-23 20:05:38');
INSERT INTO `sr_current_sales_details` VALUES ('31', '31', '31', '31', '31', '31', '31', '31', '31', '31', '31', '2016-11-23 20:05:38', '2016-11-23 20:05:38');
INSERT INTO `sr_current_sales_details` VALUES ('32', '32', '32', '32', '32', '32', '32', '32', '32', '32', '32', '2016-11-23 20:05:38', '2016-11-23 20:05:38');
INSERT INTO `sr_current_sales_details` VALUES ('33', '33', '33', '33', '33', '33', '33', '33', '33', '33', '33', '2016-11-23 20:05:38', '2016-11-23 20:05:38');
INSERT INTO `sr_current_sales_details` VALUES ('34', '34', '34', '34', '34', '34', '34', '34', '34', '34', '34', '2016-11-23 20:05:38', '2016-11-23 20:05:38');
INSERT INTO `sr_current_sales_details` VALUES ('35', '35', '35', '35', '35', '35', '35', '35', '35', '35', '35', '2016-11-23 20:05:38', '2016-11-23 20:05:38');
INSERT INTO `sr_current_sales_details` VALUES ('36', '36', '36', '36', '36', '36', '36', '36', '36', '36', '36', '2016-11-23 20:05:38', '2016-11-23 20:05:38');
INSERT INTO `sr_current_sales_details` VALUES ('37', '37', '37', '37', '37', '37', '37', '37', '37', '37', '37', '2016-11-23 20:05:38', '2016-11-23 20:05:38');
INSERT INTO `sr_current_sales_details` VALUES ('38', '38', '38', '38', '38', '38', '38', '38', '38', '38', '38', '2016-11-23 20:05:38', '2016-11-23 20:05:38');
INSERT INTO `sr_current_sales_details` VALUES ('39', '39', '39', '39', '39', '39', '39', '39', '39', '39', '39', '2016-11-23 20:05:38', '2016-11-23 20:05:38');
INSERT INTO `sr_current_sales_details` VALUES ('40', '40', '40', '40', '40', '40', '40', '40', '40', '40', '40', '2016-11-23 20:05:38', '2016-11-23 20:05:38');
INSERT INTO `sr_current_sales_details` VALUES ('41', '41', '41', '41', '41', '41', '41', '41', '41', '41', '41', '2016-11-23 20:05:38', '2016-11-23 20:05:38');
INSERT INTO `sr_current_sales_details` VALUES ('42', '42', '42', '42', '42', '42', '42', '42', '42', '42', '42', '2016-11-23 20:05:38', '2016-11-23 20:05:38');
INSERT INTO `sr_current_sales_details` VALUES ('43', '43', '43', '43', '43', '43', '43', '43', '43', '43', '43', '2016-11-23 20:05:38', '2016-11-23 20:05:38');
INSERT INTO `sr_current_sales_details` VALUES ('44', '44', '44', '44', '44', '44', '44', '44', '44', '44', '44', '2016-11-23 20:05:38', '2016-11-23 20:05:38');
INSERT INTO `sr_current_sales_details` VALUES ('45', '45', '45', '45', '45', '45', '45', '45', '45', '45', '45', '2016-11-23 20:05:38', '2016-11-23 20:05:38');
INSERT INTO `sr_current_sales_details` VALUES ('46', '46', '46', '46', '46', '46', '46', '46', '46', '46', '46', '2016-11-23 20:05:38', '2016-11-23 20:05:38');
INSERT INTO `sr_current_sales_details` VALUES ('47', '47', '47', '47', '47', '47', '47', '47', '47', '47', '47', '2016-11-23 20:05:38', '2016-11-23 20:05:38');
INSERT INTO `sr_current_sales_details` VALUES ('48', '48', '48', '48', '48', '48', '48', '48', '48', '48', '48', '2016-11-23 20:05:38', '2016-11-23 20:05:38');
INSERT INTO `sr_current_sales_details` VALUES ('49', '49', '49', '49', '49', '49', '49', '49', '49', '49', '49', '2016-11-23 20:05:38', '2016-11-23 20:05:38');
INSERT INTO `sr_current_sales_details` VALUES ('50', '50', '50', '50', '50', '50', '50', '50', '50', '50', '50', '2016-11-23 20:05:38', '2016-11-23 20:05:38');
INSERT INTO `sr_current_sales_details` VALUES ('51', '51', '51', '51', '51', '51', '51', '51', '51', '51', '51', '2016-11-23 20:05:38', '2016-11-23 20:05:38');

-- ----------------------------
-- Table structure for sr_regular_sales_details
-- ----------------------------
DROP TABLE IF EXISTS `sr_regular_sales_details`;
CREATE TABLE `sr_regular_sales_details` (
  `id` bigint(20) NOT NULL AUTO_INCREMENT COMMENT '自动编号',
  `user_name` varchar(20) DEFAULT NULL COMMENT '客户姓名',
  `phone_number` bigint(20) NOT NULL COMMENT '手机号码',
  `referrer` varchar(20) DEFAULT NULL COMMENT '扫码推荐人',
  `rebate_expiration_date` varchar(20) DEFAULT NULL COMMENT '返利失效日期',
  `report_or_allot` varchar(20) DEFAULT NULL COMMENT '上报/分配',
  `report_or_allot_date` varchar(20) DEFAULT NULL COMMENT '上报/分配时间',
  `investment_adviser` varchar(20) DEFAULT NULL COMMENT '投资顾问',
  `user_identify` varchar(20) DEFAULT NULL COMMENT '客户标识',
  `basic_product_name` varchar(50) DEFAULT NULL COMMENT '基础产品名称（定期）',
  `investment_amount` varchar(20) DEFAULT NULL COMMENT '投资金额',
  `regular_assets_total` varchar(20) DEFAULT NULL COMMENT '现有资产---当前定期AUM（资产总额）',
  `investment_date` varchar(20) DEFAULT NULL COMMENT '购买时间 0000-00-00 00:00:00',
  `mtime` timestamp NULL DEFAULT NULL ON UPDATE CURRENT_TIMESTAMP COMMENT '更新时间',
  `ctime` timestamp NULL DEFAULT CURRENT_TIMESTAMP COMMENT '创建时间',
  PRIMARY KEY (`id`)
) ENGINE=InnoDB AUTO_INCREMENT=52 DEFAULT CHARSET=utf8 ROW_FORMAT=DYNAMIC COMMENT='[统计报表]--[定期销售明细]--regular sales details';

-- ----------------------------
-- Records of sr_regular_sales_details
-- ----------------------------
INSERT INTO `sr_regular_sales_details` VALUES ('1', '1', '1', '1', '1', '1', '1', '1', '1', '1', '1', '1', '1', '2016-11-23 19:59:26', '2016-11-23 19:59:26');
INSERT INTO `sr_regular_sales_details` VALUES ('2', '2', '2', '2', '2', '2', '2', '2', '2', '2', '2', '2', '2', '2016-11-23 19:59:26', '2016-11-23 19:59:26');
INSERT INTO `sr_regular_sales_details` VALUES ('3', '3', '3', '3', '3', '3', '3', '3', '3', '3', '3', '3', '3', '2016-11-23 19:59:26', '2016-11-23 19:59:26');
INSERT INTO `sr_regular_sales_details` VALUES ('4', '4', '4', '4', '4', '4', '4', '4', '4', '4', '4', '4', '4', '2016-11-23 19:59:26', '2016-11-23 19:59:26');
INSERT INTO `sr_regular_sales_details` VALUES ('5', '5', '5', '5', '5', '5', '5', '5', '5', '5', '5', '5', '5', '2016-11-23 19:59:26', '2016-11-23 19:59:26');
INSERT INTO `sr_regular_sales_details` VALUES ('6', '6', '6', '6', '6', '6', '6', '6', '6', '6', '6', '6', '6', '2016-11-23 19:59:26', '2016-11-23 19:59:26');
INSERT INTO `sr_regular_sales_details` VALUES ('7', '7', '7', '7', '7', '7', '7', '7', '7', '7', '7', '7', '7', '2016-11-23 19:59:26', '2016-11-23 19:59:26');
INSERT INTO `sr_regular_sales_details` VALUES ('8', '8', '8', '8', '8', '8', '8', '8', '8', '8', '8', '8', '8', '2016-11-23 19:59:26', '2016-11-23 19:59:26');
INSERT INTO `sr_regular_sales_details` VALUES ('9', '9', '9', '9', '9', '9', '9', '9', '9', '9', '9', '9', '9', '2016-11-23 19:59:26', '2016-11-23 19:59:26');
INSERT INTO `sr_regular_sales_details` VALUES ('10', '10', '10', '10', '10', '10', '10', '10', '10', '10', '10', '10', '10', '2016-11-23 19:59:26', '2016-11-23 19:59:26');
INSERT INTO `sr_regular_sales_details` VALUES ('11', '11', '11', '11', '11', '11', '11', '11', '11', '11', '11', '11', '11', '2016-11-23 19:59:26', '2016-11-23 19:59:26');
INSERT INTO `sr_regular_sales_details` VALUES ('12', '12', '12', '12', '12', '12', '12', '12', '12', '12', '12', '12', '12', '2016-11-23 19:59:26', '2016-11-23 19:59:26');
INSERT INTO `sr_regular_sales_details` VALUES ('13', '13', '13', '13', '13', '13', '13', '13', '13', '13', '13', '13', '13', '2016-11-23 19:59:26', '2016-11-23 19:59:26');
INSERT INTO `sr_regular_sales_details` VALUES ('14', '14', '14', '14', '14', '14', '14', '14', '14', '14', '14', '14', '14', '2016-11-23 19:59:26', '2016-11-23 19:59:26');
INSERT INTO `sr_regular_sales_details` VALUES ('15', '15', '15', '15', '15', '15', '15', '15', '15', '15', '15', '15', '15', '2016-11-23 19:59:26', '2016-11-23 19:59:26');
INSERT INTO `sr_regular_sales_details` VALUES ('16', '16', '16', '16', '16', '16', '16', '16', '16', '16', '16', '16', '16', '2016-11-23 19:59:26', '2016-11-23 19:59:26');
INSERT INTO `sr_regular_sales_details` VALUES ('17', '17', '17', '17', '17', '17', '17', '17', '17', '17', '17', '17', '17', '2016-11-23 19:59:26', '2016-11-23 19:59:26');
INSERT INTO `sr_regular_sales_details` VALUES ('18', '18', '18', '18', '18', '18', '18', '18', '18', '18', '18', '18', '18', '2016-11-23 19:59:26', '2016-11-23 19:59:26');
INSERT INTO `sr_regular_sales_details` VALUES ('19', '19', '19', '19', '19', '19', '19', '19', '19', '19', '19', '19', '19', '2016-11-23 19:59:26', '2016-11-23 19:59:26');
INSERT INTO `sr_regular_sales_details` VALUES ('20', '20', '20', '20', '20', '20', '20', '20', '20', '20', '20', '20', '20', '2016-11-23 19:59:26', '2016-11-23 19:59:26');
INSERT INTO `sr_regular_sales_details` VALUES ('21', '21', '21', '21', '21', '21', '21', '21', '21', '21', '21', '21', '21', '2016-11-23 19:59:26', '2016-11-23 19:59:26');
INSERT INTO `sr_regular_sales_details` VALUES ('22', '22', '22', '22', '22', '22', '22', '22', '22', '22', '22', '22', '22', '2016-11-23 19:59:26', '2016-11-23 19:59:26');
INSERT INTO `sr_regular_sales_details` VALUES ('23', '23', '23', '23', '23', '23', '23', '23', '23', '23', '23', '23', '23', '2016-11-23 19:59:26', '2016-11-23 19:59:26');
INSERT INTO `sr_regular_sales_details` VALUES ('24', '24', '24', '24', '24', '24', '24', '24', '24', '24', '24', '24', '24', '2016-11-23 19:59:26', '2016-11-23 19:59:26');
INSERT INTO `sr_regular_sales_details` VALUES ('25', '25', '25', '25', '25', '25', '25', '25', '25', '25', '25', '25', '25', '2016-11-23 19:59:26', '2016-11-23 19:59:26');
INSERT INTO `sr_regular_sales_details` VALUES ('26', '26', '26', '26', '26', '26', '26', '26', '26', '26', '26', '26', '26', '2016-11-23 19:59:26', '2016-11-23 19:59:26');
INSERT INTO `sr_regular_sales_details` VALUES ('27', '27', '27', '27', '27', '27', '27', '27', '27', '27', '27', '27', '27', '2016-11-23 19:59:26', '2016-11-23 19:59:26');
INSERT INTO `sr_regular_sales_details` VALUES ('28', '28', '28', '28', '28', '28', '28', '28', '28', '28', '28', '28', '28', '2016-11-23 19:59:26', '2016-11-23 19:59:26');
INSERT INTO `sr_regular_sales_details` VALUES ('29', '29', '29', '29', '29', '29', '29', '29', '29', '29', '29', '29', '29', '2016-11-23 19:59:26', '2016-11-23 19:59:26');
INSERT INTO `sr_regular_sales_details` VALUES ('30', '30', '30', '30', '30', '30', '30', '30', '30', '30', '30', '30', '30', '2016-11-23 19:59:26', '2016-11-23 19:59:26');
INSERT INTO `sr_regular_sales_details` VALUES ('31', '31', '31', '31', '31', '31', '31', '31', '31', '31', '31', '31', '31', '2016-11-23 19:59:26', '2016-11-23 19:59:26');
INSERT INTO `sr_regular_sales_details` VALUES ('32', '32', '32', '32', '32', '32', '32', '32', '32', '32', '32', '32', '32', '2016-11-23 19:59:26', '2016-11-23 19:59:26');
INSERT INTO `sr_regular_sales_details` VALUES ('33', '33', '33', '33', '33', '33', '33', '33', '33', '33', '33', '33', '33', '2016-11-23 19:59:26', '2016-11-23 19:59:26');
INSERT INTO `sr_regular_sales_details` VALUES ('34', '34', '34', '34', '34', '34', '34', '34', '34', '34', '34', '34', '34', '2016-11-23 19:59:26', '2016-11-23 19:59:26');
INSERT INTO `sr_regular_sales_details` VALUES ('35', '35', '35', '35', '35', '35', '35', '35', '35', '35', '35', '35', '35', '2016-11-23 19:59:26', '2016-11-23 19:59:26');
INSERT INTO `sr_regular_sales_details` VALUES ('36', '36', '36', '36', '36', '36', '36', '36', '36', '36', '36', '36', '36', '2016-11-23 19:59:26', '2016-11-23 19:59:26');
INSERT INTO `sr_regular_sales_details` VALUES ('37', '37', '37', '37', '37', '37', '37', '37', '37', '37', '37', '37', '37', '2016-11-23 19:59:26', '2016-11-23 19:59:26');
INSERT INTO `sr_regular_sales_details` VALUES ('38', '38', '38', '38', '38', '38', '38', '38', '38', '38', '38', '38', '38', '2016-11-23 19:59:26', '2016-11-23 19:59:26');
INSERT INTO `sr_regular_sales_details` VALUES ('39', '39', '39', '39', '39', '39', '39', '39', '39', '39', '39', '39', '39', '2016-11-23 19:59:26', '2016-11-23 19:59:26');
INSERT INTO `sr_regular_sales_details` VALUES ('40', '40', '40', '40', '40', '40', '40', '40', '40', '40', '40', '40', '40', '2016-11-23 19:59:26', '2016-11-23 19:59:26');
INSERT INTO `sr_regular_sales_details` VALUES ('41', '41', '41', '41', '41', '41', '41', '41', '41', '41', '41', '41', '41', '2016-11-23 19:59:26', '2016-11-23 19:59:26');
INSERT INTO `sr_regular_sales_details` VALUES ('42', '42', '42', '42', '42', '42', '42', '42', '42', '42', '42', '42', '42', '2016-11-23 19:59:26', '2016-11-23 19:59:26');
INSERT INTO `sr_regular_sales_details` VALUES ('43', '43', '43', '43', '43', '43', '43', '43', '43', '43', '43', '43', '43', '2016-11-23 19:59:26', '2016-11-23 19:59:26');
INSERT INTO `sr_regular_sales_details` VALUES ('44', '44', '44', '44', '44', '44', '44', '44', '44', '44', '44', '44', '44', '2016-11-23 19:59:26', '2016-11-23 19:59:26');
INSERT INTO `sr_regular_sales_details` VALUES ('45', '45', '45', '45', '45', '45', '45', '45', '45', '45', '45', '45', '45', '2016-11-23 19:59:26', '2016-11-23 19:59:26');
INSERT INTO `sr_regular_sales_details` VALUES ('46', '46', '46', '46', '46', '46', '46', '46', '46', '46', '46', '46', '46', '2016-11-23 19:59:26', '2016-11-23 19:59:26');
INSERT INTO `sr_regular_sales_details` VALUES ('47', '47', '47', '47', '47', '47', '47', '47', '47', '47', '47', '47', '47', '2016-11-23 19:59:26', '2016-11-23 19:59:26');
INSERT INTO `sr_regular_sales_details` VALUES ('48', '48', '48', '48', '48', '48', '48', '48', '48', '48', '48', '48', '48', '2016-11-23 19:59:26', '2016-11-23 19:59:26');
INSERT INTO `sr_regular_sales_details` VALUES ('49', '49', '49', '49', '49', '49', '49', '49', '49', '49', '49', '49', '49', '2016-11-23 19:59:26', '2016-11-23 19:59:26');
INSERT INTO `sr_regular_sales_details` VALUES ('50', '50', '50', '50', '50', '50', '50', '50', '50', '50', '50', '50', '50', '2016-11-23 19:59:26', '2016-11-23 19:59:26');
INSERT INTO `sr_regular_sales_details` VALUES ('51', '51', '51', '51', '51', '51', '51', '51', '51', '51', '51', '51', '51', '2016-11-23 19:59:26', '2016-11-23 19:59:26');

-- ----------------------------
-- Table structure for test_user_info
-- ----------------------------
DROP TABLE IF EXISTS `test_user_info`;
CREATE TABLE `test_user_info` (
  `id` bigint(20) NOT NULL AUTO_INCREMENT COMMENT '自动编号',
  `excel_id` bigint(20) NOT NULL COMMENT 'excel关联id(平台分配-1，手动添加0，excel上传正数)',
  `phone_number` bigint(20) NOT NULL COMMENT '手机号码',
  `user_name` varchar(20) DEFAULT NULL COMMENT '客户姓名',
  `sex` varchar(20) DEFAULT NULL COMMENT '性别',
  `age` varchar(20) DEFAULT NULL COMMENT '年龄',
  `birthday` varchar(20) DEFAULT NULL COMMENT '出生日期',
  `id_card` varchar(20) DEFAULT NULL COMMENT '证件号码',
  `assets_amount` varchar(100) DEFAULT NULL COMMENT '资产总额',
  `if_employee` varchar(20) DEFAULT NULL COMMENT '是否员工',
  `if_register` varchar(20) DEFAULT NULL COMMENT '是否注册',
  `register_date` varchar(20) DEFAULT NULL COMMENT '注册日期',
  `if_real_name` varchar(20) DEFAULT NULL COMMENT '是否实名',
  `if_bind_card` varchar(20) DEFAULT NULL COMMENT '是否绑卡',
  `if_transaction` varchar(20) DEFAULT NULL COMMENT '是否有过交易',
  `referrer` varchar(20) DEFAULT NULL COMMENT '扫码推荐人',
  `referrer_phone_number` varchar(20) DEFAULT NULL COMMENT '推荐人手机号',
  `if_referrer_employee` varchar(20) DEFAULT NULL COMMENT '推荐人是否员工',
  `rebate_expiration_date` varchar(20) DEFAULT NULL COMMENT '返利失效日期',
  `if_report_or_allot` int(4) DEFAULT '0' COMMENT '是否上报/分配（0未操作，1已操作）',
  `report_or_allot` varchar(20) DEFAULT NULL COMMENT '上报/分配',
  `report_or_allot_date` varchar(20) DEFAULT NULL COMMENT '上报/分配时间',
  `user_identify` varchar(20) DEFAULT NULL COMMENT '客户标识',
  `investment_adviser` varchar(20) DEFAULT NULL COMMENT '投资顾问',
  `if_performance_pool` int(4) DEFAULT NULL COMMENT '是否业绩池（0：不计入，1：计入）',
  `if_delete` int(4) DEFAULT '0' COMMENT '是否删除，0代表未删除，1代表删除',
  `mtime` timestamp NULL DEFAULT NULL ON UPDATE CURRENT_TIMESTAMP COMMENT '更新时间',
  `ctime` timestamp NULL DEFAULT CURRENT_TIMESTAMP COMMENT '创建时间',
  PRIMARY KEY (`id`),
  KEY `IDX_EXCEL_ID` (`excel_id`) USING BTREE,
  KEY `IDX_PHONE_NUMBER` (`phone_number`) USING BTREE
) ENGINE=InnoDB AUTO_INCREMENT=43 DEFAULT CHARSET=utf8 ROW_FORMAT=DYNAMIC;

-- ----------------------------
-- Records of test_user_info
-- ----------------------------
INSERT INTO `test_user_info` VALUES ('1', '1', '13802108888', null, null, null, null, null, null, null, null, null, null, null, null, null, null, null, null, '1', '上报', '2016-11-03 10:50:34', 'DKH000', '何朵', null, '0', null, '2016-11-03 10:50:35');
INSERT INTO `test_user_info` VALUES ('2', '1', '13802108889', null, null, null, null, null, null, null, null, null, null, null, null, null, null, null, null, '1', '上报', '2016-11-03 10:50:35', 'DKH000', '何朵', null, '0', null, '2016-11-03 10:50:35');
INSERT INTO `test_user_info` VALUES ('3', '1', '13802108890', null, null, null, null, null, null, null, null, null, null, null, null, null, null, null, null, '1', '上报', '2016-11-03 10:50:35', 'DKH000', '何朵', null, '0', null, '2016-11-03 10:50:36');
INSERT INTO `test_user_info` VALUES ('4', '1', '13802108891', null, null, null, null, null, null, null, null, null, null, null, null, null, null, null, null, '1', '上报', '2016-11-03 10:50:35', 'DKH000', '何朵', null, '0', null, '2016-11-03 10:50:36');
INSERT INTO `test_user_info` VALUES ('5', '1', '13802108892', null, null, null, null, null, null, null, null, null, null, null, null, null, null, null, null, '1', '上报', '2016-11-03 10:50:36', 'DKH000', '何朵', null, '0', null, '2016-11-03 10:50:36');
INSERT INTO `test_user_info` VALUES ('6', '1', '13802108893', null, null, null, null, null, null, null, null, null, null, null, null, null, null, null, null, '1', '上报', '2016-11-03 10:50:36', 'DKH000', '何朵', null, '0', null, '2016-11-03 10:50:37');
INSERT INTO `test_user_info` VALUES ('7', '1', '13802108894', null, null, null, null, null, null, null, null, null, null, null, null, null, null, null, null, '1', '上报', '2016-11-03 10:50:37', 'DKH000', '何朵', null, '0', null, '2016-11-03 10:50:37');
INSERT INTO `test_user_info` VALUES ('8', '1', '13802108895', null, null, null, null, null, null, null, null, null, null, null, null, null, null, null, null, '1', '上报', '2016-11-03 10:50:37', 'DKH000', '何朵', null, '0', null, '2016-11-03 10:50:38');
INSERT INTO `test_user_info` VALUES ('9', '1', '13802108896', null, null, null, null, null, null, null, null, null, null, null, null, null, null, null, null, '1', '上报', '2016-11-03 10:50:38', 'DKH000', '何朵', null, '0', null, '2016-11-03 10:50:38');
INSERT INTO `test_user_info` VALUES ('10', '1', '13802108897', null, null, null, null, null, null, null, null, null, null, null, null, null, null, null, null, '1', '上报', '2016-11-03 10:50:38', 'DKH000', '何朵', null, '0', null, '2016-11-03 10:50:38');
INSERT INTO `test_user_info` VALUES ('11', '1', '13802108898', null, null, null, null, null, null, null, null, null, null, null, null, null, null, null, null, '1', '上报', '2016-11-03 10:50:38', 'DKH000', '何朵', null, '0', null, '2016-11-03 10:50:39');
INSERT INTO `test_user_info` VALUES ('12', '1', '13802108899', null, null, null, null, null, null, null, null, null, null, null, null, null, null, null, null, '1', '上报', '2016-11-03 10:50:39', 'DKH000', '何朵', null, '0', null, '2016-11-03 10:50:39');
INSERT INTO `test_user_info` VALUES ('13', '1', '13802108900', null, null, null, null, null, null, null, null, null, null, null, null, null, null, null, null, '1', '上报', '2016-11-03 10:50:40', 'DKH000', '何朵', null, '0', null, '2016-11-03 10:50:40');
INSERT INTO `test_user_info` VALUES ('14', '1', '13802108901', null, null, null, null, null, null, null, null, null, null, null, null, null, null, null, null, '1', '上报', '2016-11-03 10:50:40', 'DKH000', '何朵', null, '0', null, '2016-11-03 10:50:40');
INSERT INTO `test_user_info` VALUES ('15', '2', '13502100210', null, null, null, null, null, null, null, null, null, null, null, null, null, null, null, null, '1', '上报', '2016-11-03 11:02:09', 'DKH000', '何朵', null, '0', null, '2016-11-03 11:02:10');
INSERT INTO `test_user_info` VALUES ('16', '2', '13502100211', null, null, null, null, null, null, null, null, null, null, null, null, null, null, null, null, '1', '上报', '2016-11-03 11:02:10', 'DKH000', '何朵', null, '0', null, '2016-11-03 11:02:10');
INSERT INTO `test_user_info` VALUES ('17', '2', '13502100212', null, null, null, null, null, null, null, null, null, null, null, null, null, null, null, null, '1', '上报', '2016-11-03 11:02:10', 'DKH000', '何朵', null, '0', null, '2016-11-03 11:02:10');
INSERT INTO `test_user_info` VALUES ('18', '2', '13502100213', null, null, null, null, null, null, null, null, null, null, null, null, null, null, null, null, '1', '上报', '2016-11-03 11:02:10', 'DKH000', '何朵', null, '0', null, '2016-11-03 11:02:11');
INSERT INTO `test_user_info` VALUES ('19', '2', '13502100214', null, null, null, null, null, null, null, null, null, null, null, null, null, null, null, null, '1', '上报', '2016-11-03 11:02:11', 'DKH000', '何朵', null, '0', null, '2016-11-03 11:02:11');
INSERT INTO `test_user_info` VALUES ('20', '2', '13502100215', null, null, null, null, null, null, null, null, null, null, null, null, null, null, null, null, '1', '上报', '2016-11-03 11:02:11', 'DKH000', '何朵', null, '0', null, '2016-11-03 11:02:12');
INSERT INTO `test_user_info` VALUES ('21', '2', '13502100216', null, null, null, null, null, null, null, null, null, null, null, null, null, null, null, null, '1', '上报', '2016-11-03 11:02:12', 'DKH000', '何朵', null, '0', null, '2016-11-03 11:02:12');
INSERT INTO `test_user_info` VALUES ('22', '2', '13502100217', null, null, null, null, null, null, null, null, null, null, null, null, null, null, null, null, '1', '上报', '2016-11-03 11:02:12', 'DKH000', '何朵', null, '0', null, '2016-11-03 11:02:12');
INSERT INTO `test_user_info` VALUES ('23', '2', '13502100218', null, null, null, null, null, null, null, null, null, null, null, null, null, null, null, null, '1', '上报', '2016-11-03 11:02:12', 'DKH000', '何朵', null, '0', null, '2016-11-03 11:02:13');
INSERT INTO `test_user_info` VALUES ('24', '2', '13502100219', null, null, null, null, null, null, null, null, null, null, null, null, null, null, null, null, '1', '上报', '2016-11-03 11:02:13', 'DKH000', '何朵', null, '0', null, '2016-11-03 11:02:13');
INSERT INTO `test_user_info` VALUES ('25', '2', '13502100220', null, null, null, null, null, null, null, null, null, null, null, null, null, null, null, null, '1', '上报', '2016-11-03 11:02:13', 'DKH000', '何朵', null, '0', null, '2016-11-03 11:02:14');
INSERT INTO `test_user_info` VALUES ('26', '2', '13502100221', null, null, null, null, null, null, null, null, null, null, null, null, null, null, null, null, '1', '上报', '2016-11-03 11:02:14', 'DKH000', '何朵', null, '0', null, '2016-11-03 11:02:14');
INSERT INTO `test_user_info` VALUES ('27', '2', '13502100222', null, null, null, null, null, null, null, null, null, null, null, null, null, null, null, null, '1', '上报', '2016-11-03 11:02:14', 'DKH000', '何朵', null, '0', null, '2016-11-03 11:02:15');
INSERT INTO `test_user_info` VALUES ('28', '2', '13502100223', null, null, null, null, null, null, null, null, null, null, null, null, null, null, null, null, '1', '上报', '2016-11-03 11:02:14', 'DKH000', '何朵', null, '0', null, '2016-11-03 11:02:15');
INSERT INTO `test_user_info` VALUES ('29', '3', '15802100000', null, null, null, null, null, null, null, null, null, null, null, null, null, null, null, null, '1', '上报', '2016-11-03 11:11:15', 'DKH000', '张辉胜', null, '0', null, '2016-11-03 11:11:15');
INSERT INTO `test_user_info` VALUES ('30', '3', '15802100001', null, null, null, null, null, null, null, null, null, null, null, null, null, null, null, null, '1', '上报', '2016-11-03 11:11:15', 'DKH000', '张辉胜', null, '0', null, '2016-11-03 11:11:16');
INSERT INTO `test_user_info` VALUES ('31', '3', '15802100002', null, null, null, null, null, null, null, null, null, null, null, null, null, null, null, null, '1', '上报', '2016-11-03 11:11:16', 'DKH000', '张辉胜', null, '0', null, '2016-11-03 11:11:16');
INSERT INTO `test_user_info` VALUES ('32', '3', '15802100003', null, null, null, null, null, null, null, null, null, null, null, null, null, null, null, null, '1', '上报', '2016-11-03 11:11:16', 'DKH000', '张辉胜', null, '0', null, '2016-11-03 11:11:17');
INSERT INTO `test_user_info` VALUES ('33', '3', '15802100004', null, null, null, null, null, null, null, null, null, null, null, null, null, null, null, null, '1', '上报', '2016-11-03 11:11:16', 'DKH000', '张辉胜', null, '0', null, '2016-11-03 11:11:17');
INSERT INTO `test_user_info` VALUES ('34', '3', '15802100005', null, null, null, null, null, null, null, null, null, null, null, null, null, null, null, null, '1', '上报', '2016-11-03 11:11:17', 'DKH000', '张辉胜', null, '0', null, '2016-11-03 11:11:17');
INSERT INTO `test_user_info` VALUES ('35', '3', '15802100006', null, null, null, null, null, null, null, null, null, null, null, null, null, null, null, null, '1', '上报', '2016-11-03 11:11:17', 'DKH000', '张辉胜', null, '0', null, '2016-11-03 11:11:18');
INSERT INTO `test_user_info` VALUES ('36', '3', '15802100007', null, null, null, null, null, null, null, null, null, null, null, null, null, null, null, null, '1', '上报', '2016-11-03 11:11:18', 'DKH000', '张辉胜', null, '0', null, '2016-11-03 11:11:18');
INSERT INTO `test_user_info` VALUES ('37', '3', '15802100008', null, null, null, null, null, null, null, null, null, null, null, null, null, null, null, null, '1', '上报', '2016-11-03 11:11:18', 'DKH000', '张辉胜', null, '0', null, '2016-11-03 11:11:19');
INSERT INTO `test_user_info` VALUES ('38', '3', '15802100009', null, null, null, null, null, null, null, null, null, null, null, null, null, null, null, null, '1', '上报', '2016-11-03 11:11:19', 'DKH000', '张辉胜', null, '0', null, '2016-11-03 11:11:19');
INSERT INTO `test_user_info` VALUES ('39', '3', '15802100010', null, null, null, null, null, null, null, null, null, null, null, null, null, null, null, null, '1', '上报', '2016-11-03 11:11:19', 'DKH000', '张辉胜', null, '0', null, '2016-11-03 11:11:19');
INSERT INTO `test_user_info` VALUES ('40', '3', '15802100011', null, null, null, null, null, null, null, null, null, null, null, null, null, null, null, null, '1', '上报', '2016-11-03 11:11:19', 'DKH000', '张辉胜', null, '0', null, '2016-11-03 11:11:20');
INSERT INTO `test_user_info` VALUES ('41', '3', '15802100012', null, null, null, null, null, null, null, null, null, null, null, null, null, null, null, null, '1', '上报', '2016-11-03 11:11:20', 'DKH000', '张辉胜', null, '0', null, '2016-11-03 11:11:20');
INSERT INTO `test_user_info` VALUES ('42', '3', '15802100013', null, null, null, null, null, null, null, null, null, null, null, null, null, null, null, null, '1', '上报', '2016-11-03 11:11:20', 'DKH000', '张辉胜', null, '0', null, '2016-11-03 11:11:21');
